year,team,conference,logo
2023,"A&M-Corpus Christi",Southland,https://www.ncaa.com/sites/default/files/images/logos/schools/bgl/am-corpus-chris.svg
2023,"Abilene Christian",WAC,https://www.ncaa.com/sites/default/files/images/logos/schools/bgl/abilene-christian.svg
2023,"Air Force","Mountain West",https://www.ncaa.com/sites/default/files/images/logos/schools/bgl/air-force.svg
2023,Akron,MAC,https://www.ncaa.com/sites/default/files/images/logos/schools/bgl/akron.svg
2023,Alabama,SEC,https://www.ncaa.com/sites/default/files/images/logos/schools/bgl/alabama.svg
2023,"Alabama A&M",SWAC,https://www.ncaa.com/sites/default/files/images/logos/schools/bgl/alabama-am.svg
2023,"Alabama St.",SWAC,https://www.ncaa.com/sites/default/files/images/logos/schools/bgl/alabama-st.svg
2023,Alcorn,SWAC,https://www.ncaa.com/sites/default/files/images/logos/schools/bgl/alcorn.svg
2023,American,Patriot,https://www.ncaa.com/sites/default/files/images/logos/schools/bgl/american.svg
2023,"App State","Sun Belt",https://www.ncaa.com/sites/default/files/images/logos/schools/bgl/appalachian-st.svg
2023,Arizona,Pac-12,https://www.ncaa.com/sites/default/files/images/logos/schools/bgl/arizona.svg
2023,"Arizona St.",Pac-12,https://www.ncaa.com/sites/default/files/images/logos/schools/bgl/arizona-st.svg
2023,"Ark.-Pine Bluff",SWAC,https://www.ncaa.com/sites/default/files/images/logos/schools/bgl/ark-pine-bluff.svg
2023,Arkansas,SEC,https://www.ncaa.com/sites/default/files/images/logos/schools/bgl/arkansas.svg
2023,"Arkansas St.","Sun Belt",https://www.ncaa.com/sites/default/files/images/logos/schools/bgl/arkansas-st.svg
2023,"Army West Point",Patriot,https://www.ncaa.com/sites/default/files/images/logos/schools/bgl/army.svg
2023,Auburn,SEC,https://www.ncaa.com/sites/default/files/images/logos/schools/bgl/auburn.svg
2023,"Austin Peay",ASUN,https://www.ncaa.com/sites/default/files/images/logos/schools/bgl/austin-peay.svg
2023,"Ball St.",MAC,https://www.ncaa.com/sites/default/files/images/logos/schools/bgl/ball-st.svg
2023,Baylor,"Big 12",https://www.ncaa.com/sites/default/files/images/logos/schools/bgl/baylor.svg
2023,Bellarmine,ASUN,https://www.ncaa.com/sites/default/files/images/logos/schools/bgl/bellarmine.svg
2023,Belmont,MVC,https://www.ncaa.com/sites/default/files/images/logos/schools/bgl/belmont.svg
2023,Bethune-Cookman,SWAC,https://www.ncaa.com/sites/default/files/images/logos/schools/bgl/bethune-cookman.svg
2023,Binghamton,"America East",https://www.ncaa.com/sites/default/files/images/logos/schools/bgl/binghamton.svg
2023,"Boise St.","Mountain West",https://www.ncaa.com/sites/default/files/images/logos/schools/bgl/boise-st.svg
2023,"Boston College",ACC,https://www.ncaa.com/sites/default/files/images/logos/schools/bgl/boston-college.svg
2023,"Boston U.",Patriot,https://www.ncaa.com/sites/default/files/images/logos/schools/bgl/boston-u.svg
2023,"Bowling Green",MAC,https://www.ncaa.com/sites/default/files/images/logos/schools/bgl/bowling-green.svg
2023,Bradley,MVC,https://www.ncaa.com/sites/default/files/images/logos/schools/bgl/bradley.svg
2023,Brown,"Ivy League",https://www.ncaa.com/sites/default/files/images/logos/schools/bgl/brown.svg
2023,Bryant,"America East",https://www.ncaa.com/sites/default/files/images/logos/schools/bgl/bryant.svg
2023,Bucknell,Patriot,https://www.ncaa.com/sites/default/files/images/logos/schools/bgl/bucknell.svg
2023,Buffalo,MAC,https://www.ncaa.com/sites/default/files/images/logos/schools/bgl/buffalo.svg
2023,Butler,"Big East",https://www.ncaa.com/sites/default/files/images/logos/schools/bgl/butler.svg
2023,BYU,WCC,https://www.ncaa.com/sites/default/files/images/logos/schools/bgl/byu.svg
2023,"Cal Poly","Big West",https://www.ncaa.com/sites/default/files/images/logos/schools/bgl/cal-poly.svg
2023,"Cal St. Fullerton","Big West",https://www.ncaa.com/sites/default/files/images/logos/schools/bgl/cal-st-fullerton.svg
2023,California,Pac-12,https://www.ncaa.com/sites/default/files/images/logos/schools/bgl/california.svg
2023,"California Baptist",WAC,https://www.ncaa.com/sites/default/files/images/logos/schools/bgl/california-baptist.svg
2023,Campbell,"Big South",https://www.ncaa.com/sites/default/files/images/logos/schools/bgl/campbell.svg
2023,Canisius,MAAC,https://www.ncaa.com/sites/default/files/images/logos/schools/bgl/canisius.svg
2023,"Central Ark.",ASUN,https://www.ncaa.com/sites/default/files/images/logos/schools/bgl/central-ark.svg
2023,"Central Conn. St.",NEC,https://www.ncaa.com/sites/default/files/images/logos/schools/bgl/central-conn-st.svg
2023,"Central Mich.",MAC,https://www.ncaa.com/sites/default/files/images/logos/schools/bgl/central-mich.svg
2023,"Charleston So.","Big South",https://www.ncaa.com/sites/default/files/images/logos/schools/bgl/charleston-so.svg
2023,Charlotte,C-USA,https://www.ncaa.com/sites/default/files/images/logos/schools/bgl/charlotte.svg
2023,Chattanooga,SoCon,https://www.ncaa.com/sites/default/files/images/logos/schools/bgl/chattanooga.svg
2023,"Chicago St.","DI Independent",https://www.ncaa.com/sites/default/files/images/logos/schools/bgl/chicago-st.svg
2023,Cincinnati,AAC,https://www.ncaa.com/sites/default/files/images/logos/schools/bgl/cincinnati.svg
2023,Clemson,ACC,https://www.ncaa.com/sites/default/files/images/logos/schools/bgl/clemson.svg
2023,"Cleveland St.",Horizon,https://www.ncaa.com/sites/default/files/images/logos/schools/bgl/cleveland-st.svg
2023,"Coastal Carolina","Sun Belt",https://www.ncaa.com/sites/default/files/images/logos/schools/bgl/coastal-caro.svg
2023,"Col. of Charleston",CAA,https://www.ncaa.com/sites/default/files/images/logos/schools/bgl/col-of-charleston.svg
2023,Colgate,Patriot,https://www.ncaa.com/sites/default/files/images/logos/schools/bgl/colgate.svg
2023,Colorado,Pac-12,https://www.ncaa.com/sites/default/files/images/logos/schools/bgl/colorado.svg
2023,"Colorado St.","Mountain West",https://www.ncaa.com/sites/default/files/images/logos/schools/bgl/colorado-st.svg
2023,Columbia,"Ivy League",https://www.ncaa.com/sites/default/files/images/logos/schools/bgl/columbia.svg
2023,"Coppin St.",MEAC,https://www.ncaa.com/sites/default/files/images/logos/schools/bgl/coppin-st.svg
2023,Cornell,"Ivy League",https://www.ncaa.com/sites/default/files/images/logos/schools/bgl/cornell.svg
2023,Creighton,"Big East",https://www.ncaa.com/sites/default/files/images/logos/schools/bgl/creighton.svg
2023,"CSU Bakersfield","Big West",https://www.ncaa.com/sites/default/files/images/logos/schools/bgl/bakersfield.svg
2023,CSUN,"Big West",https://www.ncaa.com/sites/default/files/images/logos/schools/bgl/cal-st-northridge.svg
2023,Dartmouth,"Ivy League",https://www.ncaa.com/sites/default/files/images/logos/schools/bgl/dartmouth.svg
2023,Davidson,"Atlantic 10",https://www.ncaa.com/sites/default/files/images/logos/schools/bgl/davidson.svg
2023,Dayton,"Atlantic 10",https://www.ncaa.com/sites/default/files/images/logos/schools/bgl/dayton.svg
2023,Delaware,CAA,https://www.ncaa.com/sites/default/files/images/logos/schools/bgl/delaware.svg
2023,"Delaware St.",MEAC,https://www.ncaa.com/sites/default/files/images/logos/schools/bgl/delaware-st.svg
2023,Denver,"Summit League",https://www.ncaa.com/sites/default/files/images/logos/schools/bgl/denver.svg
2023,DePaul,"Big East",https://www.ncaa.com/sites/default/files/images/logos/schools/bgl/depaul.svg
2023,"Detroit Mercy",Horizon,https://www.ncaa.com/sites/default/files/images/logos/schools/bgl/detroit.svg
2023,Drake,MVC,https://www.ncaa.com/sites/default/files/images/logos/schools/bgl/drake.svg
2023,Drexel,CAA,https://www.ncaa.com/sites/default/files/images/logos/schools/bgl/drexel.svg
2023,Duke,ACC,https://www.ncaa.com/sites/default/files/images/logos/schools/bgl/duke.svg
2023,Duquesne,"Atlantic 10",https://www.ncaa.com/sites/default/files/images/logos/schools/bgl/duquesne.svg
2023,"East Carolina",AAC,https://www.ncaa.com/sites/default/files/images/logos/schools/bgl/east-carolina.svg
2023,"Eastern Ill.",OVC,https://www.ncaa.com/sites/default/files/images/logos/schools/bgl/eastern-ill.svg
2023,"Eastern Ky.",ASUN,https://www.ncaa.com/sites/default/files/images/logos/schools/bgl/eastern-ky.svg
2023,"Eastern Mich.",MAC,https://www.ncaa.com/sites/default/files/images/logos/schools/bgl/eastern-mich.svg
2023,"Eastern Wash.","Big Sky",https://www.ncaa.com/sites/default/files/images/logos/schools/bgl/eastern-wash.svg
2023,Elon,CAA,https://www.ncaa.com/sites/default/files/images/logos/schools/bgl/elon.svg
2023,ETSU,SoCon,https://www.ncaa.com/sites/default/files/images/logos/schools/bgl/east-tenn-st.svg
2023,Evansville,MVC,https://www.ncaa.com/sites/default/files/images/logos/schools/bgl/evansville.svg
2023,Fairfield,MAAC,https://www.ncaa.com/sites/default/files/images/logos/schools/bgl/fairfield.svg
2023,FDU,NEC,https://www.ncaa.com/sites/default/files/images/logos/schools/bgl/fairleigh-dickinson.svg
2023,FGCU,ASUN,https://www.ncaa.com/sites/default/files/images/logos/schools/bgl/fgcu.svg
2023,FIU,C-USA,https://www.ncaa.com/sites/default/files/images/logos/schools/bgl/fiu.svg
2023,"Fla. Atlantic",C-USA,https://www.ncaa.com/sites/default/files/images/logos/schools/bgl/fla-atlantic.svg
2023,Florida,SEC,https://www.ncaa.com/sites/default/files/images/logos/schools/bgl/florida.svg
2023,"Florida A&M",SWAC,https://www.ncaa.com/sites/default/files/images/logos/schools/bgl/florida-am.svg
2023,"Florida St.",ACC,https://www.ncaa.com/sites/default/files/images/logos/schools/bgl/florida-st.svg
2023,Fordham,"Atlantic 10",https://www.ncaa.com/sites/default/files/images/logos/schools/bgl/fordham.svg
2023,"Fresno St.","Mountain West",https://www.ncaa.com/sites/default/files/images/logos/schools/bgl/fresno-st.svg
2023,Furman,SoCon,https://www.ncaa.com/sites/default/files/images/logos/schools/bgl/furman.svg
2023,"Ga. Southern","Sun Belt",https://www.ncaa.com/sites/default/files/images/logos/schools/bgl/ga-southern.svg
2023,Gardner-Webb,"Big South",https://www.ncaa.com/sites/default/files/images/logos/schools/bgl/gardner-webb.svg
2023,"George Mason","Atlantic 10",https://www.ncaa.com/sites/default/files/images/logos/schools/bgl/george-mason.svg
2023,"George Washington","Atlantic 10",https://www.ncaa.com/sites/default/files/images/logos/schools/bgl/george-washington.svg
2023,Georgetown,"Big East",https://www.ncaa.com/sites/default/files/images/logos/schools/bgl/georgetown.svg
2023,Georgia,SEC,https://www.ncaa.com/sites/default/files/images/logos/schools/bgl/georgia.svg
2023,"Georgia St.","Sun Belt",https://www.ncaa.com/sites/default/files/images/logos/schools/bgl/georgia-st.svg
2023,"Georgia Tech",ACC,https://www.ncaa.com/sites/default/files/images/logos/schools/bgl/georgia-tech.svg
2023,Gonzaga,WCC,https://www.ncaa.com/sites/default/files/images/logos/schools/bgl/gonzaga.svg
2023,Grambling,SWAC,https://www.ncaa.com/sites/default/files/images/logos/schools/bgl/grambling.svg
2023,"Grand Canyon",WAC,https://www.ncaa.com/sites/default/files/images/logos/schools/bgl/grand-canyon.svg
2023,"Green Bay",Horizon,https://www.ncaa.com/sites/default/files/images/logos/schools/bgl/green-bay.svg
2023,Hampton,CAA,https://www.ncaa.com/sites/default/files/images/logos/schools/bgl/hampton.svg
2023,Hartford,"DI Independent",https://www.ncaa.com/sites/default/files/images/logos/schools/bgl/hartford.svg
2023,Harvard,"Ivy League",https://www.ncaa.com/sites/default/files/images/logos/schools/bgl/harvard.svg
2023,Hawaii,"Big West",https://www.ncaa.com/sites/default/files/images/logos/schools/bgl/hawaii.svg
2023,"High Point","Big South",https://www.ncaa.com/sites/default/files/images/logos/schools/bgl/high-point.svg
2023,Hofstra,CAA,https://www.ncaa.com/sites/default/files/images/logos/schools/bgl/hofstra.svg
2023,"Holy Cross",Patriot,https://www.ncaa.com/sites/default/files/images/logos/schools/bgl/holy-cross.svg
2023,Houston,AAC,https://www.ncaa.com/sites/default/files/images/logos/schools/bgl/houston.svg
2023,"Houston Christian",Southland,https://www.ncaa.com/sites/default/files/images/logos/schools/bgl/houston-baptist.svg
2023,Howard,MEAC,https://www.ncaa.com/sites/default/files/images/logos/schools/bgl/howard.svg
2023,Idaho,"Big Sky",https://www.ncaa.com/sites/default/files/images/logos/schools/bgl/idaho.svg
2023,"Idaho St.","Big Sky",https://www.ncaa.com/sites/default/files/images/logos/schools/bgl/idaho-st.svg
2023,Illinois,"Big Ten",https://www.ncaa.com/sites/default/files/images/logos/schools/bgl/illinois.svg
2023,"Illinois St.",MVC,https://www.ncaa.com/sites/default/files/images/logos/schools/bgl/illinois-st.svg
2023,Indiana,"Big Ten",https://www.ncaa.com/sites/default/files/images/logos/schools/bgl/indiana.svg
2023,"Indiana St.",MVC,https://www.ncaa.com/sites/default/files/images/logos/schools/bgl/indiana-st.svg
2023,Iona,MAAC,https://www.ncaa.com/sites/default/files/images/logos/schools/bgl/iona.svg
2023,Iowa,"Big Ten",https://www.ncaa.com/sites/default/files/images/logos/schools/bgl/iowa.svg
2023,"Iowa St.","Big 12",https://www.ncaa.com/sites/default/files/images/logos/schools/bgl/iowa-st.svg
2023,IUPUI,Horizon,https://www.ncaa.com/sites/default/files/images/logos/schools/bgl/iupui.svg
2023,"Jackson St.",SWAC,https://www.ncaa.com/sites/default/files/images/logos/schools/bgl/jackson-st.svg
2023,Jacksonville,ASUN,https://www.ncaa.com/sites/default/files/images/logos/schools/bgl/jacksonville.svg
2023,"Jacksonville St.",ASUN,https://www.ncaa.com/sites/default/files/images/logos/schools/bgl/jacksonville-st.svg
2023,"James Madison","Sun Belt",https://www.ncaa.com/sites/default/files/images/logos/schools/bgl/james-madison.svg
2023,Kansas,"Big 12",https://www.ncaa.com/sites/default/files/images/logos/schools/bgl/kansas.svg
2023,"Kansas City","Summit League",https://www.ncaa.com/sites/default/files/images/logos/schools/bgl/umkc.svg
2023,"Kansas St.","Big 12",https://www.ncaa.com/sites/default/files/images/logos/schools/bgl/kansas-st.svg
2023,"Kennesaw St.",ASUN,https://www.ncaa.com/sites/default/files/images/logos/schools/bgl/kennesaw-st.svg
2023,"Kent St.",MAC,https://www.ncaa.com/sites/default/files/images/logos/schools/bgl/kent-st.svg
2023,Kentucky,SEC,https://www.ncaa.com/sites/default/files/images/logos/schools/bgl/kentucky.svg
2023,"La Salle","Atlantic 10",https://www.ncaa.com/sites/default/files/images/logos/schools/bgl/la-salle.svg
2023,Lafayette,Patriot,https://www.ncaa.com/sites/default/files/images/logos/schools/bgl/lafayette.svg
2023,"Lamar University",Southland,https://www.ncaa.com/sites/default/files/images/logos/schools/bgl/lamar.svg
2023,Lehigh,Patriot,https://www.ncaa.com/sites/default/files/images/logos/schools/bgl/lehigh.svg
2023,Liberty,ASUN,https://www.ncaa.com/sites/default/files/images/logos/schools/bgl/liberty.svg
2023,Lindenwood,OVC,https://www.ncaa.com/sites/default/files/images/logos/schools/bgl/lindenwood-mo.svg
2023,Lipscomb,ASUN,https://www.ncaa.com/sites/default/files/images/logos/schools/bgl/lipscomb.svg
2023,"Little Rock",OVC,https://www.ncaa.com/sites/default/files/images/logos/schools/bgl/ualr.svg
2023,LIU,NEC,https://www.ncaa.com/sites/default/files/images/logos/schools/bgl/long-island.svg
2023,"LMU (CA)",WCC,https://www.ncaa.com/sites/default/files/images/logos/schools/bgl/loyola-marymount.svg
2023,"Long Beach St.","Big West",https://www.ncaa.com/sites/default/files/images/logos/schools/bgl/long-beach-st.svg
2023,Longwood,"Big South",https://www.ncaa.com/sites/default/files/images/logos/schools/bgl/longwood.svg
2023,Louisiana,"Sun Belt",https://www.ncaa.com/sites/default/files/images/logos/schools/bgl/la-lafayette.svg
2023,"Louisiana Tech",C-USA,https://www.ncaa.com/sites/default/files/images/logos/schools/bgl/louisiana-tech.svg
2023,Louisville,ACC,https://www.ncaa.com/sites/default/files/images/logos/schools/bgl/louisville.svg
2023,"Loyola Chicago","Atlantic 10",https://www.ncaa.com/sites/default/files/images/logos/schools/bgl/loyola-chicago.svg
2023,"Loyola Maryland",Patriot,https://www.ncaa.com/sites/default/files/images/logos/schools/bgl/loyola-maryland.svg
2023,LSU,SEC,https://www.ncaa.com/sites/default/files/images/logos/schools/bgl/lsu.svg
2023,Maine,"America East",https://www.ncaa.com/sites/default/files/images/logos/schools/bgl/maine.svg
2023,Manhattan,MAAC,https://www.ncaa.com/sites/default/files/images/logos/schools/bgl/manhattan.svg
2023,Marist,MAAC,https://www.ncaa.com/sites/default/files/images/logos/schools/bgl/marist.svg
2023,Marquette,"Big East",https://www.ncaa.com/sites/default/files/images/logos/schools/bgl/marquette.svg
2023,Marshall,"Sun Belt",https://www.ncaa.com/sites/default/files/images/logos/schools/bgl/marshall.svg
2023,Maryland,"Big Ten",https://www.ncaa.com/sites/default/files/images/logos/schools/bgl/maryland.svg
2023,Massachusetts,"Atlantic 10",https://www.ncaa.com/sites/default/files/images/logos/schools/bgl/massachusetts.svg
2023,McNeese,Southland,https://www.ncaa.com/sites/default/files/images/logos/schools/bgl/mcneese-st.svg
2023,Memphis,AAC,https://www.ncaa.com/sites/default/files/images/logos/schools/bgl/memphis.svg
2023,Mercer,SoCon,https://www.ncaa.com/sites/default/files/images/logos/schools/bgl/mercer.svg
2023,Merrimack,NEC,https://www.ncaa.com/sites/default/files/images/logos/schools/bgl/merrimack.svg
2023,"Miami (FL)",ACC,https://www.ncaa.com/sites/default/files/images/logos/schools/bgl/miami-fl.svg
2023,"Miami (OH)",MAC,https://www.ncaa.com/sites/default/files/images/logos/schools/bgl/miami-oh.svg
2023,Michigan,"Big Ten",https://www.ncaa.com/sites/default/files/images/logos/schools/bgl/michigan.svg
2023,"Michigan St.","Big Ten",https://www.ncaa.com/sites/default/files/images/logos/schools/bgl/michigan-st.svg
2023,"Middle Tenn.",C-USA,https://www.ncaa.com/sites/default/files/images/logos/schools/bgl/middle-tenn.svg
2023,Milwaukee,Horizon,https://www.ncaa.com/sites/default/files/images/logos/schools/bgl/milwaukee.svg
2023,Minnesota,"Big Ten",https://www.ncaa.com/sites/default/files/images/logos/schools/bgl/minnesota.svg
2023,"Mississippi St.",SEC,https://www.ncaa.com/sites/default/files/images/logos/schools/bgl/mississippi-st.svg
2023,"Mississippi Val.",SWAC,https://www.ncaa.com/sites/default/files/images/logos/schools/bgl/mississippi-val.svg
2023,Missouri,SEC,https://www.ncaa.com/sites/default/files/images/logos/schools/bgl/missouri.svg
2023,"Missouri St.",MVC,https://www.ncaa.com/sites/default/files/images/logos/schools/bgl/missouri-st.svg
2023,Monmouth,CAA,https://www.ncaa.com/sites/default/files/images/logos/schools/bgl/monmouth.svg
2023,Montana,"Big Sky",https://www.ncaa.com/sites/default/files/images/logos/schools/bgl/montana.svg
2023,"Montana St.","Big Sky",https://www.ncaa.com/sites/default/files/images/logos/schools/bgl/montana-st.svg
2023,"Morehead St.",OVC,https://www.ncaa.com/sites/default/files/images/logos/schools/bgl/morehead-st.svg
2023,"Morgan St.",MEAC,https://www.ncaa.com/sites/default/files/images/logos/schools/bgl/morgan-st.svg
2023,"Mount St. Mary's",MAAC,https://www.ncaa.com/sites/default/files/images/logos/schools/bgl/mt-st-marys.svg
2023,"Murray St.",MVC,https://www.ncaa.com/sites/default/files/images/logos/schools/bgl/murray-st.svg
2023,"N.C. A&T",CAA,https://www.ncaa.com/sites/default/files/images/logos/schools/bgl/nc-at.svg
2023,"N.C. Central",MEAC,https://www.ncaa.com/sites/default/files/images/logos/schools/bgl/nc-central.svg
2023,Navy,Patriot,https://www.ncaa.com/sites/default/files/images/logos/schools/bgl/navy.svg
2023,"NC State",ACC,https://www.ncaa.com/sites/default/files/images/logos/schools/bgl/north-carolina-st.svg
2023,Nebraska,"Big Ten",https://www.ncaa.com/sites/default/files/images/logos/schools/bgl/nebraska.svg
2023,Nevada,"Mountain West",https://www.ncaa.com/sites/default/files/images/logos/schools/bgl/nevada.svg
2023,"New Hampshire","America East",https://www.ncaa.com/sites/default/files/images/logos/schools/bgl/new-hampshire.svg
2023,"New Mexico","Mountain West",https://www.ncaa.com/sites/default/files/images/logos/schools/bgl/new-mexico.svg
2023,"New Mexico St.",WAC,https://www.ncaa.com/sites/default/files/images/logos/schools/bgl/new-mexico-st.svg
2023,"New Orleans",Southland,https://www.ncaa.com/sites/default/files/images/logos/schools/bgl/new-orleans.svg
2023,Niagara,MAAC,https://www.ncaa.com/sites/default/files/images/logos/schools/bgl/niagara.svg
2023,Nicholls,Southland,https://www.ncaa.com/sites/default/files/images/logos/schools/bgl/nicholls-st.svg
2023,NIU,MAC,https://www.ncaa.com/sites/default/files/images/logos/schools/bgl/northern-ill.svg
2023,NJIT,"America East",https://www.ncaa.com/sites/default/files/images/logos/schools/bgl/njit.svg
2023,"Norfolk St.",MEAC,https://www.ncaa.com/sites/default/files/images/logos/schools/bgl/norfolk-st.svg
2023,"North Ala.",ASUN,https://www.ncaa.com/sites/default/files/images/logos/schools/bgl/north-ala.svg
2023,"North Carolina",ACC,https://www.ncaa.com/sites/default/files/images/logos/schools/bgl/north-carolina.svg
2023,"North Dakota","Summit League",https://www.ncaa.com/sites/default/files/images/logos/schools/bgl/north-dakota.svg
2023,"North Dakota St.","Summit League",https://www.ncaa.com/sites/default/files/images/logos/schools/bgl/north-dakota-st.svg
2023,"North Florida",ASUN,https://www.ncaa.com/sites/default/files/images/logos/schools/bgl/north-florida.svg
2023,"North Texas",C-USA,https://www.ncaa.com/sites/default/files/images/logos/schools/bgl/north-texas.svg
2023,Northeastern,CAA,https://www.ncaa.com/sites/default/files/images/logos/schools/bgl/northeastern.svg
2023,"Northern Ariz.","Big Sky",https://www.ncaa.com/sites/default/files/images/logos/schools/bgl/northern-ariz.svg
2023,"Northern Colo.","Big Sky",https://www.ncaa.com/sites/default/files/images/logos/schools/bgl/northern-colo.svg
2023,"Northern Ky.",Horizon,https://www.ncaa.com/sites/default/files/images/logos/schools/bgl/northern-ky.svg
2023,Northwestern,"Big Ten",https://www.ncaa.com/sites/default/files/images/logos/schools/bgl/northwestern.svg
2023,"Northwestern St.",Southland,https://www.ncaa.com/sites/default/files/images/logos/schools/bgl/northwestern-st.svg
2023,"Notre Dame",ACC,https://www.ncaa.com/sites/default/files/images/logos/schools/bgl/notre-dame.svg
2023,Oakland,Horizon,https://www.ncaa.com/sites/default/files/images/logos/schools/bgl/oakland.svg
2023,Ohio,MAC,https://www.ncaa.com/sites/default/files/images/logos/schools/bgl/ohio.svg
2023,"Ohio St.","Big Ten",https://www.ncaa.com/sites/default/files/images/logos/schools/bgl/ohio-st.svg
2023,Oklahoma,"Big 12",https://www.ncaa.com/sites/default/files/images/logos/schools/bgl/oklahoma.svg
2023,"Oklahoma St.","Big 12",https://www.ncaa.com/sites/default/files/images/logos/schools/bgl/oklahoma-st.svg
2023,"Old Dominion","Sun Belt",https://www.ncaa.com/sites/default/files/images/logos/schools/bgl/old-dominion.svg
2023,"Ole Miss",SEC,https://www.ncaa.com/sites/default/files/images/logos/schools/bgl/ole-miss.svg
2023,Omaha,"Summit League",https://www.ncaa.com/sites/default/files/images/logos/schools/bgl/neb-omaha.svg
2023,"Oral Roberts","Summit League",https://www.ncaa.com/sites/default/files/images/logos/schools/bgl/oral-roberts.svg
2023,Oregon,Pac-12,https://www.ncaa.com/sites/default/files/images/logos/schools/bgl/oregon.svg
2023,"Oregon St.",Pac-12,https://www.ncaa.com/sites/default/files/images/logos/schools/bgl/oregon-st.svg
2023,Pacific,WCC,https://www.ncaa.com/sites/default/files/images/logos/schools/bgl/pacific.svg
2023,Penn,"Ivy League",https://www.ncaa.com/sites/default/files/images/logos/schools/bgl/penn.svg
2023,"Penn St.","Big Ten",https://www.ncaa.com/sites/default/files/images/logos/schools/bgl/penn-st.svg
2023,Pepperdine,WCC,https://www.ncaa.com/sites/default/files/images/logos/schools/bgl/pepperdine.svg
2023,Pittsburgh,ACC,https://www.ncaa.com/sites/default/files/images/logos/schools/bgl/pittsburgh.svg
2023,Portland,WCC,https://www.ncaa.com/sites/default/files/images/logos/schools/bgl/portland.svg
2023,"Portland St.","Big Sky",https://www.ncaa.com/sites/default/files/images/logos/schools/bgl/portland-st.svg
2023,"Prairie View",SWAC,https://www.ncaa.com/sites/default/files/images/logos/schools/bgl/prairie-view.svg
2023,Presbyterian,"Big South",https://www.ncaa.com/sites/default/files/images/logos/schools/bgl/presbyterian.svg
2023,Princeton,"Ivy League",https://www.ncaa.com/sites/default/files/images/logos/schools/bgl/princeton.svg
2023,Providence,"Big East",https://www.ncaa.com/sites/default/files/images/logos/schools/bgl/providence.svg
2023,Purdue,"Big Ten",https://www.ncaa.com/sites/default/files/images/logos/schools/bgl/purdue.svg
2023,"Purdue Fort Wayne",Horizon,https://www.ncaa.com/sites/default/files/images/logos/schools/bgl/ipfw.svg
2023,"Queens (NC)",ASUN,https://www.ncaa.com/sites/default/files/images/logos/schools/bgl/queens-nc.svg
2023,Quinnipiac,MAAC,https://www.ncaa.com/sites/default/files/images/logos/schools/bgl/quinnipiac.svg
2023,Radford,"Big South",https://www.ncaa.com/sites/default/files/images/logos/schools/bgl/radford.svg
2023,"Rhode Island","Atlantic 10",https://www.ncaa.com/sites/default/files/images/logos/schools/bgl/rhode-island.svg
2023,Rice,C-USA,https://www.ncaa.com/sites/default/files/images/logos/schools/bgl/rice.svg
2023,Richmond,"Atlantic 10",https://www.ncaa.com/sites/default/files/images/logos/schools/bgl/richmond.svg
2023,Rider,MAAC,https://www.ncaa.com/sites/default/files/images/logos/schools/bgl/rider.svg
2023,"Robert Morris",Horizon,https://www.ncaa.com/sites/default/files/images/logos/schools/bgl/robert-morris.svg
2023,Rutgers,"Big Ten",https://www.ncaa.com/sites/default/files/images/logos/schools/bgl/rutgers.svg
2023,"Sacramento St.","Big Sky",https://www.ncaa.com/sites/default/files/images/logos/schools/bgl/sacramento-st.svg
2023,"Sacred Heart",NEC,https://www.ncaa.com/sites/default/files/images/logos/schools/bgl/sacred-heart.svg
2023,"Saint Francis (PA)",NEC,https://www.ncaa.com/sites/default/files/images/logos/schools/bgl/st-francis-pa.svg
2023,"Saint Joseph's","Atlantic 10",https://www.ncaa.com/sites/default/files/images/logos/schools/bgl/saint-josephs.svg
2023,"Saint Louis","Atlantic 10",https://www.ncaa.com/sites/default/files/images/logos/schools/bgl/saint-louis.svg
2023,"Saint Mary's (CA)",WCC,https://www.ncaa.com/sites/default/files/images/logos/schools/bgl/st-marys-ca.svg
2023,"Saint Peter's",MAAC,https://www.ncaa.com/sites/default/files/images/logos/schools/bgl/st-peters.svg
2023,"Sam Houston",WAC,https://www.ncaa.com/sites/default/files/images/logos/schools/bgl/sam-houston-st.svg
2023,Samford,SoCon,https://www.ncaa.com/sites/default/files/images/logos/schools/bgl/samford.svg
2023,"San Diego",WCC,https://www.ncaa.com/sites/default/files/images/logos/schools/bgl/san-diego.svg
2023,"San Diego St.","Mountain West",https://www.ncaa.com/sites/default/files/images/logos/schools/bgl/san-diego-st.svg
2023,"San Francisco",WCC,https://www.ncaa.com/sites/default/files/images/logos/schools/bgl/san-francisco.svg
2023,"San Jose St.","Mountain West",https://www.ncaa.com/sites/default/files/images/logos/schools/bgl/san-jose-st.svg
2023,"Santa Clara",WCC,https://www.ncaa.com/sites/default/files/images/logos/schools/bgl/santa-clara.svg
2023,"Seattle U",WAC,https://www.ncaa.com/sites/default/files/images/logos/schools/bgl/seattle.svg
2023,"Seton Hall","Big East",https://www.ncaa.com/sites/default/files/images/logos/schools/bgl/seton-hall.svg
2023,SFA,WAC,https://www.ncaa.com/sites/default/files/images/logos/schools/bgl/stephen-f-austin.svg
2023,Siena,MAAC,https://www.ncaa.com/sites/default/files/images/logos/schools/bgl/siena.svg
2023,SIUE,OVC,https://www.ncaa.com/sites/default/files/images/logos/schools/bgl/siu-edwardsville.svg
2023,SMU,AAC,https://www.ncaa.com/sites/default/files/images/logos/schools/bgl/smu.svg
2023,"South Alabama","Sun Belt",https://www.ncaa.com/sites/default/files/images/logos/schools/bgl/south-ala.svg
2023,"South Carolina",SEC,https://www.ncaa.com/sites/default/files/images/logos/schools/bgl/south-carolina.svg
2023,"South Carolina St.",MEAC,https://www.ncaa.com/sites/default/files/images/logos/schools/bgl/south-carolina-st.svg
2023,"South Dakota","Summit League",https://www.ncaa.com/sites/default/files/images/logos/schools/bgl/south-dakota.svg
2023,"South Dakota St.","Summit League",https://www.ncaa.com/sites/default/files/images/logos/schools/bgl/south-dakota-st.svg
2023,"South Fla.",AAC,https://www.ncaa.com/sites/default/files/images/logos/schools/bgl/south-fla.svg
2023,"Southeast Mo. St.",OVC,https://www.ncaa.com/sites/default/files/images/logos/schools/bgl/southeast-mo-st.svg
2023,"Southeastern La.",Southland,https://www.ncaa.com/sites/default/files/images/logos/schools/bgl/southeastern-la.svg
2023,"Southern California",Pac-12,https://www.ncaa.com/sites/default/files/images/logos/schools/bgl/southern-california.svg
2023,"Southern Ill.",MVC,https://www.ncaa.com/sites/default/files/images/logos/schools/bgl/southern-ill.svg
2023,"Southern Ind.",OVC,https://www.ncaa.com/sites/default/files/images/logos/schools/bgl/southern-ind.svg
2023,"Southern Miss.","Sun Belt",https://www.ncaa.com/sites/default/files/images/logos/schools/bgl/southern-miss.svg
2023,"Southern U.",SWAC,https://www.ncaa.com/sites/default/files/images/logos/schools/bgl/southern-u.svg
2023,"Southern Utah",WAC,https://www.ncaa.com/sites/default/files/images/logos/schools/bgl/southern-utah.svg
2023,"St. Bonaventure","Atlantic 10",https://www.ncaa.com/sites/default/files/images/logos/schools/bgl/st-bonaventure.svg
2023,"St. Francis Brooklyn",NEC,https://www.ncaa.com/sites/default/files/images/logos/schools/bgl/st-francis-ny.svg
2023,"St. John's (NY)","Big East",https://www.ncaa.com/sites/default/files/images/logos/schools/bgl/st-johns-ny.svg
2023,"St. Thomas (MN)","Summit League",https://www.ncaa.com/sites/default/files/images/logos/schools/bgl/st-thomas-mn.svg
2023,Stanford,Pac-12,https://www.ncaa.com/sites/default/files/images/logos/schools/bgl/stanford.svg
2023,Stetson,ASUN,https://www.ncaa.com/sites/default/files/images/logos/schools/bgl/stetson.svg
2023,Stonehill,NEC,https://www.ncaa.com/sites/default/files/images/logos/schools/bgl/stonehill.svg
2023,"Stony Brook",CAA,https://www.ncaa.com/sites/default/files/images/logos/schools/bgl/stony-brook.svg
2023,Syracuse,ACC,https://www.ncaa.com/sites/default/files/images/logos/schools/bgl/syracuse.svg
2023,"Tarleton St.",WAC,https://www.ncaa.com/sites/default/files/images/logos/schools/bgl/tarleton-st.svg
2023,TCU,"Big 12",https://www.ncaa.com/sites/default/files/images/logos/schools/bgl/tcu.svg
2023,Temple,AAC,https://www.ncaa.com/sites/default/files/images/logos/schools/bgl/temple.svg
2023,Tennessee,SEC,https://www.ncaa.com/sites/default/files/images/logos/schools/bgl/tennessee.svg
2023,"Tennessee St.",OVC,https://www.ncaa.com/sites/default/files/images/logos/schools/bgl/tennessee-st.svg
2023,"Tennessee Tech",OVC,https://www.ncaa.com/sites/default/files/images/logos/schools/bgl/tennessee-tech.svg
2023,"Tex. A&M-Commerce",Southland,https://www.ncaa.com/sites/default/files/images/logos/schools/bgl/tex-am-commerce.svg
2023,Texas,"Big 12",https://www.ncaa.com/sites/default/files/images/logos/schools/bgl/texas.svg
2023,"Texas A&M",SEC,https://www.ncaa.com/sites/default/files/images/logos/schools/bgl/texas-am.svg
2023,"Texas Southern",SWAC,https://www.ncaa.com/sites/default/files/images/logos/schools/bgl/texas-southern.svg
2023,"Texas St.","Sun Belt",https://www.ncaa.com/sites/default/files/images/logos/schools/bgl/texas-st.svg
2023,"Texas Tech","Big 12",https://www.ncaa.com/sites/default/files/images/logos/schools/bgl/texas-tech.svg
2023,"The Citadel",SoCon,https://www.ncaa.com/sites/default/files/images/logos/schools/bgl/citadel.svg
2023,Toledo,MAC,https://www.ncaa.com/sites/default/files/images/logos/schools/bgl/toledo.svg
2023,Towson,CAA,https://www.ncaa.com/sites/default/files/images/logos/schools/bgl/towson.svg
2023,Troy,"Sun Belt",https://www.ncaa.com/sites/default/files/images/logos/schools/bgl/troy.svg
2023,Tulane,AAC,https://www.ncaa.com/sites/default/files/images/logos/schools/bgl/tulane.svg
2023,Tulsa,AAC,https://www.ncaa.com/sites/default/files/images/logos/schools/bgl/tulsa.svg
2023,UAB,C-USA,https://www.ncaa.com/sites/default/files/images/logos/schools/bgl/uab.svg
2023,UAlbany,"America East",https://www.ncaa.com/sites/default/files/images/logos/schools/bgl/albany-ny.svg
2023,"UC Davis","Big West",https://www.ncaa.com/sites/default/files/images/logos/schools/bgl/uc-davis.svg
2023,"UC Irvine","Big West",https://www.ncaa.com/sites/default/files/images/logos/schools/bgl/uc-irvine.svg
2023,"UC Riverside","Big West",https://www.ncaa.com/sites/default/files/images/logos/schools/bgl/uc-riverside.svg
2023,"UC San Diego","Big West",https://www.ncaa.com/sites/default/files/images/logos/schools/bgl/uc-san-diego.svg
2023,"UC Santa Barbara","Big West",https://www.ncaa.com/sites/default/files/images/logos/schools/bgl/uc-santa-barbara.svg
2023,UCF,AAC,https://www.ncaa.com/sites/default/files/images/logos/schools/bgl/ucf.svg
2023,UCLA,Pac-12,https://www.ncaa.com/sites/default/files/images/logos/schools/bgl/ucla.svg
2023,UConn,"Big East",https://www.ncaa.com/sites/default/files/images/logos/schools/bgl/uconn.svg
2023,UIC,MVC,https://www.ncaa.com/sites/default/files/images/logos/schools/bgl/ill-chicago.svg
2023,UIW,Southland,https://www.ncaa.com/sites/default/files/images/logos/schools/bgl/uiw.svg
2023,ULM,"Sun Belt",https://www.ncaa.com/sites/default/files/images/logos/schools/bgl/la-monroe.svg
2023,"UMass Lowell","America East",https://www.ncaa.com/sites/default/files/images/logos/schools/bgl/umass-lowell.svg
2023,UMBC,"America East",https://www.ncaa.com/sites/default/files/images/logos/schools/bgl/umbc.svg
2023,UMES,MEAC,https://www.ncaa.com/sites/default/files/images/logos/schools/bgl/md-east-shore.svg
2023,"UNC Asheville","Big South",https://www.ncaa.com/sites/default/files/images/logos/schools/bgl/unc-asheville.svg
2023,"UNC Greensboro",SoCon,https://www.ncaa.com/sites/default/files/images/logos/schools/bgl/unc-greensboro.svg
2023,UNCW,CAA,https://www.ncaa.com/sites/default/files/images/logos/schools/bgl/unc-wilmington.svg
2023,UNI,MVC,https://www.ncaa.com/sites/default/files/images/logos/schools/bgl/uni.svg
2023,UNLV,"Mountain West",https://www.ncaa.com/sites/default/files/images/logos/schools/bgl/unlv.svg
2023,"USC Upstate","Big South",https://www.ncaa.com/sites/default/files/images/logos/schools/bgl/usc-upstate.svg
2023,"UT Arlington",WAC,https://www.ncaa.com/sites/default/files/images/logos/schools/bgl/texas-arlington.svg
2023,"UT Martin",OVC,https://www.ncaa.com/sites/default/files/images/logos/schools/bgl/ut-martin.svg
2023,Utah,Pac-12,https://www.ncaa.com/sites/default/files/images/logos/schools/bgl/utah.svg
2023,"Utah St.","Mountain West",https://www.ncaa.com/sites/default/files/images/logos/schools/bgl/utah-st.svg
2023,"Utah Tech",WAC,https://www.ncaa.com/sites/default/files/images/logos/schools/bgl/utah-tech.svg
2023,"Utah Valley",WAC,https://www.ncaa.com/sites/default/files/images/logos/schools/bgl/utah-valley.svg
2023,UTEP,C-USA,https://www.ncaa.com/sites/default/files/images/logos/schools/bgl/utep.svg
2023,UTRGV,WAC,https://www.ncaa.com/sites/default/files/images/logos/schools/bgl/utrgv.svg
2023,UTSA,C-USA,https://www.ncaa.com/sites/default/files/images/logos/schools/bgl/utsa.svg
2023,Valparaiso,MVC,https://www.ncaa.com/sites/default/files/images/logos/schools/bgl/valparaiso.svg
2023,Vanderbilt,SEC,https://www.ncaa.com/sites/default/files/images/logos/schools/bgl/vanderbilt.svg
2023,VCU,"Atlantic 10",https://www.ncaa.com/sites/default/files/images/logos/schools/bgl/vcu.svg
2023,Vermont,"America East",https://www.ncaa.com/sites/default/files/images/logos/schools/bgl/vermont.svg
2023,Villanova,"Big East",https://www.ncaa.com/sites/default/files/images/logos/schools/bgl/villanova.svg
2023,Virginia,ACC,https://www.ncaa.com/sites/default/files/images/logos/schools/bgl/virginia.svg
2023,"Virginia Tech",ACC,https://www.ncaa.com/sites/default/files/images/logos/schools/bgl/virginia-tech.svg
2023,VMI,SoCon,https://www.ncaa.com/sites/default/files/images/logos/schools/bgl/vmi.svg
2023,Wagner,NEC,https://www.ncaa.com/sites/default/files/images/logos/schools/bgl/wagner.svg
2023,"Wake Forest",ACC,https://www.ncaa.com/sites/default/files/images/logos/schools/bgl/wake-forest.svg
2023,Washington,Pac-12,https://www.ncaa.com/sites/default/files/images/logos/schools/bgl/washington.svg
2023,"Washington St.",Pac-12,https://www.ncaa.com/sites/default/files/images/logos/schools/bgl/washington-st.svg
2023,"Weber St.","Big Sky",https://www.ncaa.com/sites/default/files/images/logos/schools/bgl/weber-st.svg
2023,"West Virginia","Big 12",https://www.ncaa.com/sites/default/files/images/logos/schools/bgl/west-virginia.svg
2023,"Western Caro.",SoCon,https://www.ncaa.com/sites/default/files/images/logos/schools/bgl/western-caro.svg
2023,"Western Ill.","Summit League",https://www.ncaa.com/sites/default/files/images/logos/schools/bgl/western-ill.svg
2023,"Western Ky.",C-USA,https://www.ncaa.com/sites/default/files/images/logos/schools/bgl/western-ky.svg
2023,"Western Mich.",MAC,https://www.ncaa.com/sites/default/files/images/logos/schools/bgl/western-mich.svg
2023,"Wichita St.",AAC,https://www.ncaa.com/sites/default/files/images/logos/schools/bgl/wichita-st.svg
2023,"William & Mary",CAA,https://www.ncaa.com/sites/default/files/images/logos/schools/bgl/william-mary.svg
2023,Winthrop,"Big South",https://www.ncaa.com/sites/default/files/images/logos/schools/bgl/winthrop.svg
2023,Wisconsin,"Big Ten",https://www.ncaa.com/sites/default/files/images/logos/schools/bgl/wisconsin.svg
2023,Wofford,SoCon,https://www.ncaa.com/sites/default/files/images/logos/schools/bgl/wofford.svg
2023,"Wright St.",Horizon,https://www.ncaa.com/sites/default/files/images/logos/schools/bgl/wright-st.svg
2023,Wyoming,"Mountain West",https://www.ncaa.com/sites/default/files/images/logos/schools/bgl/wyoming.svg
2023,Xavier,"Big East",https://www.ncaa.com/sites/default/files/images/logos/schools/bgl/xavier.svg
2023,Yale,"Ivy League",https://www.ncaa.com/sites/default/files/images/logos/schools/bgl/yale.svg
2023,"Youngstown St.",Horizon,https://www.ncaa.com/sites/default/files/images/logos/schools/bgl/youngstown-st.svg
