odds_api_name,matched_name
Abilene Christian Wildcats,Abilene Christian
Air Force Falcons,Air Force
Akron Zips,Akron
Alabama A&M Bulldogs,Alabama A&M
Alabama Crimson Tide,Alabama
Alabama St Hornets,Alabama St.
Albany Great Danes,UAlbany
Alcorn St Braves,Alcorn
American Eagles,American
Appalachian St Mountaineers,App State
Arizona St Sun Devils,Arizona St.
Arizona Wildcats,Arizona
Arkansas Razorbacks,Arkansas
Arkansas St Red Wolves,Arkansas St.
Arkansas-Little Rock Trojans,Little Rock
Arkansas-Pine Bluff Golden Lions,Ark.-Pine Bluff
Army Knights,Army West Point
Auburn Tigers,Auburn
Austin Peay Governors,Austin Peay
BYU Cougars,BYU
Ball State Cardinals,Ball St.
Baylor Bears,Baylor
Bellarmine Knights,Bellarmine
Belmont Bruins,Belmont
Bethune-Cookman Wildcats,Bethune-Cookman
Binghamton Bearcats,Binghamton
Boise State Broncos,Boise St.
Boston College Eagles,Boston College
Boston Univ. Terriers,Boston U.
Bowling Green Falcons,Bowling Green
Bradley Braves,Bradley
Brown Bears,Brown
Bryant Bulldogs,Bryant
Bucknell Bison,Bucknell
Buffalo Bulls,Buffalo
Butler Bulldogs,Butler
CSU Bakersfield Roadrunners,CSU Bakersfield
CSU Fullerton Titans,Cal St. Fullerton
CSU Northridge Matadors,CSUN
Cal Baptist Lancers,California Baptist
Cal Poly Mustangs,Cal Poly
California Golden Bears,California
Campbell Fighting Camels,Campbell
Canisius Golden Griffins,Canisius
Central Arkansas Bears,Central Ark.
Central Connecticut St Blue Devils,Central Conn. St.
Central Michigan Chippewas,Central Mich.
Charleston Cougars,Col. of Charleston
Charleston Southern Buccaneers,Charleston So.
Charlotte 49ers,Charlotte
Chattanooga Mocs,Chattanooga
Chicago St Cougars,Chicago St.
Cincinnati Bearcats,Cincinnati
Clemson Tigers,Clemson
Cleveland St Vikings,Cleveland St.
Coastal Carolina Chanticleers,Coastal Carolina
Colgate Raiders,Colgate
Colorado Buffaloes,Colorado
Colorado St Rams,Colorado St.
Columbia Lions,Columbia
Coppin St Eagles,Coppin St.
Cornell Big Red,Cornell
Creighton Bluejays,Creighton
Dartmouth Big Green,Dartmouth
Davidson Wildcats,Davidson
Dayton Flyers,Dayton
DePaul Blue Demons,DePaul
Delaware Blue Hens,Delaware
Delaware St Hornets,Delaware St.
Denver Pioneers,Denver
Detroit Mercy Titans,Detroit Mercy
Drake Bulldogs,Drake
Drexel Dragons,Drexel
Duke Blue Devils,Duke
Duquesne Dukes,Duquesne
East Carolina Pirates,East Carolina
Eastern Illinois Panthers,Eastern Ill.
Eastern Kentucky Colonels,Eastern Ky.
Eastern Michigan Eagles,Eastern Mich.
Eastern Washington Eagles,Eastern Wash.
Elon Phoenix,Elon
Evansville Purple Aces,Evansville
Fairfield Stags,Fairfield
Fairleigh Dickinson Knights,FDU
Florida A&M Rattlers,Florida A&M
Florida Atlantic Owls,Fla. Atlantic
Florida Gators,Florida
Florida Gulf Coast Eagles,FGCU
Florida St Seminoles,Florida St.
Fordham Rams,Fordham
Fort Wayne Mastodons,Purdue Fort Wayne
Fresno St Bulldogs,Fresno St.
Furman Paladins,Furman
GW Revolutionaries,George Washington
Gardner-Webb Bulldogs,Gardner-Webb
George Mason Patriots,George Mason
Georgetown Hoyas,Georgetown
Georgia Bulldogs,Georgia
Georgia Southern Eagles,Ga. Southern
Georgia St Panthers,Georgia St.
Georgia Tech Yellow Jackets,Georgia Tech
Gonzaga Bulldogs,Gonzaga
Grambling St Tigers,Grambling
Grand Canyon Antelopes,Grand Canyon
Green Bay Phoenix,Green Bay
Hampton Pirates,Hampton
Harvard Crimson,Harvard
Hawai'i Rainbow Warriors,Hawaii
High Point Panthers,High Point
Hofstra Pride,Hofstra
Holy Cross Crusaders,Holy Cross
Houston Christian Huskies,Houston Christian
Houston Cougars,Houston
Howard Bison,Howard
IUPUI Jaguars,IU Indy
Idaho State Bengals,Idaho St.
Idaho Vandals,Idaho
Illinois Fighting Illini,Illinois
Illinois St Redbirds,Illinois St.
Indiana Hoosiers,Indiana
Indiana St Sycamores,Indiana St.
Iona Gaels,Iona
Iowa Hawkeyes,Iowa
Iowa State Cyclones,Iowa St.
Jackson St Tigers,Jackson St.
Jacksonville Dolphins,Jacksonville
Jacksonville St Gamecocks,Jacksonville St.
James Madison Dukes,James Madison
Kansas Jayhawks,Kansas
Kansas St Wildcats,Kansas St.
Kennesaw St Owls,Kennesaw St.
Kent State Golden Flashes,Kent St.
Kentucky Wildcats,Kentucky
LIU Sharks,LIU
LSU Tigers,LSU
La Salle Explorers,La Salle
Lafayette Leopards,Lafayette
Lamar Cardinals,Lamar University
Le Moyne Dolphins,Le Moyne
Lehigh Mountain Hawks,Lehigh
Liberty Flames,Liberty
Lindenwood Lions,Lindenwood
Lipscomb Bisons,Lipscomb
Long Beach St 49ers,Long Beach St.
Longwood Lancers,Longwood
Louisiana Ragin' Cajuns,Louisiana
Louisiana Tech Bulldogs,Louisiana Tech
Louisville Cardinals,Louisville
Loyola (Chi) Ramblers,Loyola Chicago
Loyola (MD) Greyhounds,Loyola Maryland
Loyola Marymount Lions,LMU (CA)
Maine Black Bears,Maine
Manhattan Jaspers,Manhattan
Marist Red Foxes,Marist
Marquette Golden Eagles,Marquette
Marshall Thundering Herd,Marshall
Maryland Terrapins,Maryland
Maryland-Eastern Shore Hawks,UMES
Massachusetts Minutemen,Massachusetts
McNeese Cowboys,McNeese
Memphis Tigers,Memphis
Mercer Bears,Mercer
Mercyhurst Lakers,Mercyhurst
Merrimack Warriors,Merrimack
Miami (OH) RedHawks,Miami (OH)
Miami Hurricanes,Miami (FL)
Michigan St Spartans,Michigan St.
Michigan Wolverines,Michigan
Middle Tennessee Blue Raiders,Middle Tenn.
Milwaukee Panthers,Milwaukee
Minnesota Golden Gophers,Minnesota
Mississippi St Bulldogs,Mississippi St.
Missouri St Bears,Missouri St.
Missouri Tigers,Missouri
Monmouth Hawks,Monmouth
Montana Grizzlies,Montana
Montana St Bobcats,Montana St.
Morehead St Eagles,Morehead St.
Morgan St Bears,Morgan St.
Mt. St. Mary's Mountaineers,Mount St. Mary's
Murray St Racers,Murray St.
N Colorado Bears,Northern Colo.
NC State Wolfpack,NC State
NJIT Highlanders,NJIT
Navy Midshipmen,Navy
Nebraska Cornhuskers,Nebraska
Nevada Wolf Pack,Nevada
New Hampshire Wildcats,New Hampshire
New Mexico Lobos,New Mexico
New Mexico St Aggies,New Mexico St.
New Orleans Privateers,New Orleans
Niagara Purple Eagles,Niagara
Nicholls St Colonels,Nicholls
Norfolk St Spartans,Norfolk St.
North Alabama Lions,North Ala.
North Carolina A&T Aggies,N.C. A&T
North Carolina Central Eagles,N.C. Central
North Carolina Tar Heels,North Carolina
North Dakota Fighting Hawks,North Dakota
North Dakota St Bison,North Dakota St.
North Florida Ospreys,North Florida
North Texas Mean Green,North Texas
Northeastern Huskies,Northeastern
Northern Arizona Lumberjacks,Northern Ariz.
Northern Illinois Huskies,NIU
Northern Iowa Panthers,UNI
Northern Kentucky Norse,Northern Ky.
Northwestern St Demons,Northwestern St.
Northwestern Wildcats,Northwestern
Notre Dame Fighting Irish,Notre Dame
Oakland Golden Grizzlies,Oakland
Ohio Bobcats,Ohio
Ohio State Buckeyes,Ohio St.
Oklahoma Sooners,Oklahoma
Oklahoma St Cowboys,Oklahoma St.
Old Dominion Monarchs,Old Dominion
Ole Miss Rebels,Ole Miss
Omaha Mavericks,Omaha
Oral Roberts Golden Eagles,Oral Roberts
Oregon Ducks,Oregon
Oregon St Beavers,Oregon St.
Pacific Tigers,Pacific
Penn State Nittany Lions,Penn St.
Pennsylvania Quakers,Penn
Pepperdine Waves,Pepperdine
Pittsburgh Panthers,Pittsburgh
Portland Pilots,Portland
Portland St Vikings,Portland St.
Prairie View Panthers,Prairie View
Presbyterian Blue Hose,Presbyterian
Princeton Tigers,Princeton
Providence Friars,Providence
Purdue Boilermakers,Purdue
Queens University Royals,Queens (NC)
Quinnipiac Bobcats,Quinnipiac
Radford Highlanders,Radford
Rhode Island Rams,Rhode Island
Rice Owls,Rice
Richmond Spiders,Richmond
Rider Broncs,Rider
Robert Morris Colonials,Robert Morris
Rutgers Scarlet Knights,Rutgers
SE Louisiana Lions,Southeastern La.
SE Missouri St Redhawks,Southeastern Mo. St.
SIU-Edwardsville Cougars,SIUE
SMU Mustangs,SMU
Sacramento St Hornets,Sacramento St.
Sacred Heart Pioneers,Sacred Heart
Saint Joseph's Hawks,Saint Joseph's
Saint Louis Billikens,Saint Louis
Saint Mary's Gaels,Saint Mary's (CA)
Saint Peter's Peacocks,Saint Peter's
Sam Houston St Bearkats,Sam Houston
Samford Bulldogs,Samford
San Diego St Aztecs,San Diego St.
San Diego Toreros,San Diego
San Francisco Dons,San Francisco
San Jos√© St Spartans,San Jose St.
Santa Clara Broncos,Santa Clara
Seattle Redhawks,Seattle U
Seton Hall Pirates,Seton Hall
Siena Saints,Siena
South Alabama Jaguars,South Alabama
South Carolina Gamecocks,South Carolina
South Carolina St Bulldogs,South Carolina St.
South Carolina Upstate Spartans,USC Upstate
South Dakota Coyotes,South Dakota
South Dakota St Jackrabbits,South Dakota St.
South Florida Bulls,South Fla.
Southern Illinois Salukis,Southern Ill.
Southern Indiana Screaming Eagles,Southern Ind.
Southern Jaguars,Southern U.
Southern Miss Golden Eagles,Southern Miss.
Southern Utah Thunderbirds,Southern Utah
St. Bonaventure Bonnies,St. Bonaventure
St. Francis (PA) Red Flash,Saint Francis
St. John's Red Storm,St. John's (NY)
St. Thomas (MN) Tommies,St. Thomas (MN)
Stanford Cardinal,Stanford
Stephen F. Austin Lumberjacks,SFA
Stetson Hatters,Stetson
Stonehill Skyhawks,Stonehill
Stony Brook Seawolves,Stony Brook
Syracuse Orange,Syracuse
TCU Horned Frogs,TCU
Tarleton State Texans,Tarleton St.
Temple Owls,Temple
Tenn-Martin Skyhawks,UT Martin
Tennessee St Tigers,Tennessee St.
Tennessee Tech Golden Eagles,Tennessee Tech
Tennessee Volunteers,Tennessee
Texas A&M Aggies,Texas A&M
Texas A&M-CC Islanders,A&M-Corpus Christi
Texas A&M-Commerce Lions,Texas A&M
Texas Longhorns,Texas
Texas Southern Tigers,Texas Southern
Texas State Bobcats,Texas St.
Texas Tech Red Raiders,Texas Tech
The Citadel Bulldogs,The Citadel
Toledo Rockets,Toledo
Towson Tigers,Towson
Troy Trojans,Troy
Tulane Green Wave,Tulane
Tulsa Golden Hurricane,Tulsa
UAB Blazers,UAB
UC Davis Aggies,UC Davis
UC Irvine Anteaters,UC Irvine
UC Riverside Highlanders,UC Riverside
UC San Diego Tritons,UC San Diego
UC Santa Barbara Gauchos,UC Santa Barbara
UCF Knights,UCF
UCLA Bruins,UCLA
UConn Huskies,UConn
UIC Flames,UIC
UL Monroe Warhawks,ULM
UMBC Retrievers,UMBC
UMKC Kangaroos,Kansas City
UMass Lowell River Hawks,UMass Lowell
UNC Asheville Bulldogs,UNC Asheville
UNC Greensboro Spartans,UNC Greensboro
UNC Wilmington Seahawks,UNCW
UNLV Rebels,UNLV
USC Trojans,Southern California
UT Rio Grande Valley Vaqueros,UTRGV
UT-Arlington Mavericks,UT Arlington
UTEP Miners,UTEP
UTSA Roadrunners,UTSA
Utah State Aggies,Utah St.
Utah Tech Trailblazers,Utah Tech
Utah Utes,Utah
Utah Valley Wolverines,Utah Valley
VCU Rams,VCU
VMI Keydets,VMI
Valparaiso Beacons,Valparaiso
Vanderbilt Commodores,Vanderbilt
Vermont Catamounts,Vermont
Villanova Wildcats,Villanova
Virginia Cavaliers,Virginia
Virginia Tech Hokies,Virginia Tech
Wagner Seahawks,Wagner
Wake Forest Demon Deacons,Wake Forest
Washington Huskies,Washington
Washington St Cougars,Washington St.
Weber State Wildcats,Weber St.
West Georgia Wolves,West Ga.
West Virginia Mountaineers,West Virginia
Western Carolina Catamounts,Western Caro.
Western Illinois Leathernecks,Western Ill.
Western Kentucky Hilltoppers,Western Ky.
Western Michigan Broncos,Western Mich.
Wichita St Shockers,Wichita St.
William & Mary Tribe,William & Mary
Winthrop Eagles,Winthrop
Wisconsin Badgers,Wisconsin
Wofford Terriers,Wofford
Wright St Raiders,Wright St.
Wyoming Cowboys,Wyoming
Xavier Musketeers,Xavier
Yale Bulldogs,Yale
Youngstown St Penguins,Youngstown St.
