,odds_date,odds_away_team,odds_away_team_odds,odds_home_team,odds_home_team_odds,odds_bet_team,odds_bet_odds
0,2025-01-01,Miami (FL),-142,Boston College,118,Boston College,118
1,2025-01-01,VMI,1100,,-2500,VMI,1100
2,2025-01-01,Purdue Fort Wayne,100,Northern Ky.,-120,Northern Ky.,-120
3,2025-01-01,Youngstown St.,-245,IU Indy,198,IU Indy,198
4,2025-01-01,UNC Greensboro,112,Wofford,-134,UNC Greensboro,112
5,2025-01-01,Furman,-490,Western Caro.,365,Furman,-490
6,2025-01-01,Howard,720,Yale,-1200,Yale,-1200
7,2025-01-01,California,800,Pittsburgh,-1400,Pittsburgh,-1400
8,2025-01-01,UConn,-820,DePaul,550,UConn,-820
9,2025-01-01,Evansville,340,Southern Ill.,-450,Southern Ill.,-450
10,2025-01-01,Chattanooga,-140,Mercer,116,Mercer,116
11,2025-01-01,Drake,-265,UIC,215,UIC,215
12,2025-01-01,Rice,116,Tulsa,-140,Tulsa,-140
13,2025-01-01,Stanford,440,Clemson,-610,Clemson,-610
14,2025-01-01,North Carolina,-110,Louisville,-110,North Carolina,-110
15,2025-01-01,Villanova,-134,Butler,112,Butler,112
16,2025-01-01,Bradley,-152,Indiana St.,126,Bradley,-152
17,2025-01-01,The Citadel,1600,Samford,-4500,The Citadel,1600
18,2025-01-01,Valparaiso,152,Missouri St.,-184,Valparaiso,152
19,2025-01-01,Belmont,215,UNI,-265,Belmont,215
20,2025-01-02,Gardner-Webb,-106,Charleston So.,-113,Charleston So.,-113
21,2025-01-02,Austin Peay,280,North Florida,-360,North Florida,-360
22,2025-01-02,Longwood,-132,Presbyterian,110,Longwood,-132
23,2025-01-02,USC Upstate,810,Winthrop,-1450,Winthrop,-1450
24,2025-01-02,Loyola Maryland,118,Holy Cross,-142,Holy Cross,-142
25,2025-01-02,Troy,-134,App State,112,App State,112
26,2025-01-02,American,-170,Navy,138,Navy,138
27,2025-01-02,Arkansas St.,-590,Old Dominion,410,Arkansas St.,-590
28,2025-01-02,Army West Point,194,Colgate,-245,Army West Point,194
29,2025-01-02,Bellarmine,610,North Ala.,-1000,North Ala.,-1000
30,2025-01-02,Boston U.,-112,Lafayette,-108,Boston U.,-112
31,2025-01-02,Drexel,-215,Campbell,172,Campbell,172
32,2025-01-02,Hampton,360,Col. of Charleston,-500,Col. of Charleston,-500
33,2025-01-02,Louisiana,114,Coastal Carolina,-140,Coastal Carolina,-140
34,2025-01-02,Delaware,190,Northeastern,-240,Northeastern,-240
35,2025-01-02,Robert Morris,-215,Detroit Mercy,172,Detroit Mercy,172
36,2025-01-02,Elon,-280,N.C. A&T,220,Elon,-280
37,2025-01-02,Memphis,-166,Fla. Atlantic,138,Memphis,-166
38,2025-01-02,FGCU,-385,West Ga.,290,FGCU,-385
39,2025-01-02,Middle Tenn.,-192,,154,,154
40,2025-01-02,ULM,390,Ga. Southern,-550,Ga. Southern,-550
41,2025-01-02,South Alabama,-265,Georgia St.,210,Georgia St.,210
42,2025-01-02,Green Bay,520,Wright St.,-800,Wright St.,-800
43,2025-01-02,Radford,270,High Point,-355,High Point,-355
44,2025-01-02,William & Mary,205,Hofstra,-260,Hofstra,-260
45,2025-01-02,Lipscomb,-235,Jacksonville,186,Jacksonville,186
46,2025-01-02,Southern Miss.,590,James Madison,-950,Southern Miss.,590
47,2025-01-02,Western Ky.,310,Liberty,-400,Liberty,-400
48,2025-01-02,Texas St.,-110,Marshall,-110,Texas St.,-110
49,2025-01-02,Milwaukee,-111,Oakland,-108,Oakland,-108
50,2025-01-02,Stony Brook,240,Monmouth,-310,Stony Brook,240
51,2025-01-02,Northwestern,188,Penn St.,-230,Northwestern,188
52,2025-01-02,Stetson,270,Queens (NC),-355,Stetson,270
53,2025-01-02,Towson,210,UNCW,-265,Towson,210
54,2025-01-02,Bucknell,136,Lehigh,-168,Bucknell,136
55,2025-01-02,UC Irvine,-385,Cal Poly,290,UC Irvine,-385
56,2025-01-02,Idaho St.,118,Northern Ariz.,-144,Idaho St.,118
57,2025-01-02,Illinois St.,205,Murray St.,-255,Murray St.,-255
58,2025-01-02,Purdue,-280,Minnesota,225,Minnesota,225
59,2025-01-02,Weber St.,235,Northern Colo.,-300,Northern Colo.,-300
60,2025-01-02,Omaha,154,North Dakota,-192,Omaha,154
61,2025-01-02,St. Thomas (MN),120,North Dakota St.,-148,St. Thomas (MN),120
62,2025-01-02,South Dakota,140,Kansas City,-172,South Dakota,140
63,2025-01-02,Little Rock,-102,UT Martin,-120,Little Rock,-102
64,2025-01-02,Eastern Ky.,-176,Central Ark.,142,Eastern Ky.,-176
65,2025-01-02,Lindenwood,136,Eastern Ill.,-168,Eastern Ill.,-168
66,2025-01-02,Rutgers,168,Indiana,-205,Indiana,-205
67,2025-01-02,Southeastern Mo. St.,136,Tennessee St.,-168,Southeastern Mo. St.,136
68,2025-01-02,Southern Ind.,136,Tennessee Tech,-168,Southern Ind.,136
69,2025-01-02,Denver,920,South Dakota St.,-1800,Denver,920
70,2025-01-02,Montana,-110,Eastern Wash.,-110,Montana,-110
71,2025-01-02,Montana St.,-110,Idaho,-110,Montana St.,-110
72,2025-01-02,Louisiana Tech,105,UTEP,-126,UTEP,-126
73,2025-01-02,Sam Houston,105,New Mexico St.,-126,Sam Houston,105
74,2025-01-02,Western Ill.,310,SIUE,-420,SIUE,-420
75,2025-01-02,UC Davis,104,CSU Bakersfield,-128,UC Davis,104
76,2025-01-02,Maryland,-280,Washington,225,Washington,225
77,2025-01-02,CSUN,-220,Cal St. Fullerton,176,CSUN,-220
78,2025-01-02,Illinois,158,Oregon,-192,Illinois,158
79,2025-01-02,UC Riverside,-205,Long Beach St.,164,Long Beach St.,164
80,2025-01-02,Oregon St.,-196,LMU (CA),162,Oregon St.,-196
81,2025-01-02,San Francisco,-1400,Pacific,800,San Francisco,-1400
82,2025-01-02,Pepperdine,1160,Saint Mary's (CA),-2800,Saint Mary's (CA),-2800
83,2025-01-02,Santa Clara,-1200,San Diego,720,Santa Clara,-1200
84,2025-01-02,UC Santa Barbara,112,Hawaii,-134,UC Santa Barbara,112
85,2025-01-03,Fairfield,280,Merrimack,-350,Merrimack,-350
86,2025-01-03,Akron,-230,Bowling Green,188,Bowling Green,188
87,2025-01-03,Central Conn. St.,-240,Saint Francis,195,Central Conn. St.,-240
88,2025-01-03,Chicago St.,400,Wagner,-550,Wagner,-550
89,2025-01-03,Marist,105,Iona,-126,Marist,105
90,2025-01-03,Iowa,184,Wisconsin,-225,Iowa,184
91,2025-01-03,Le Moyne,130,LIU,-156,Le Moyne,130
92,2025-01-03,Manhattan,136,Siena,-164,Manhattan,136
93,2025-01-03,Quinnipiac,130,Saint Peter's,-156,Saint Peter's,-156
94,2025-01-03,Wichita St.,-106,Temple,-113,Temple,-113
95,2025-01-03,Stonehill,-142,Mercyhurst,118,Mercyhurst,118
96,2025-01-03,Xavier,-110,Georgetown,-110,Georgetown,-110
97,2025-01-03,Michigan St.,-105,Ohio St.,-114,Ohio St.,-114
98,2025-01-03,Creighton,330,Marquette,-430,Creighton,330
99,2025-01-03,Saint Joseph's,108,Saint Louis,-130,Saint Louis,-130
100,2025-01-03,Nevada,205,New Mexico,-255,New Mexico,-255
101,2025-01-03,Florida,-104,Kentucky,-115,Florida,-104
102,2025-01-04,Florida,136,Kentucky,-164,Florida,136
103,2025-01-04,Boston College,245,Georgia Tech,-310,Georgia Tech,-310
104,2025-01-04,Dayton,-400,George Washington,310,Dayton,-400
105,2025-01-04,DePaul,340,Villanova,-450,Villanova,-450
106,2025-01-04,Georgia,160,Ole Miss,-194,Georgia,160
107,2025-01-04,Hofstra,122,Northeastern,-150,Hofstra,122
108,2025-01-04,Richmond,198,Massachusetts,-250,Richmond,198
109,2025-01-04,NC State,190,Wake Forest,-235,Wake Forest,-235
110,2025-01-04,North Carolina,-194,Notre Dame,160,Notre Dame,160
111,2025-01-04,Oklahoma St.,340,West Virginia,-450,Oklahoma St.,340
112,2025-01-04,William & Mary,-230,Stony Brook,184,William & Mary,-230
113,2025-01-04,Toledo,-148,Western Mich.,120,Toledo,-148
114,2025-01-04,Texas St.,-104,App State,-118,App State,-118
115,2025-01-04,Arkansas,520,Tennessee,-750,Tennessee,-750
116,2025-01-04,Buffalo,570,Miami (OH),-900,Buffalo,570
117,2025-01-04,Chattanooga,-900,The Citadel,570,The Citadel,570
118,2025-01-04,Milwaukee,-430,Detroit Mercy,320,Detroit Mercy,320
119,2025-01-04,FGCU,-164,Queens (NC),134,Queens (NC),134
120,2025-01-04,Green Bay,650,Northern Ky.,-1200,Green Bay,650
121,2025-01-04,Vermont,-500,New Hampshire,360,Vermont,-500
122,2025-01-04,BYU,420,Houston,-580,Houston,-580
123,2025-01-04,Ball St.,490,Kent St.,-710,Ball St.,490
124,2025-01-04,Baylor,330,Iowa St.,-430,Baylor,330
125,2025-01-04,Bellarmine,146,Central Ark.,-180,Bellarmine,146
126,2025-01-04,UMBC,-130,Binghamton,106,UMBC,-130
127,2025-01-04,Maine,136,Bryant,-168,Bryant,-168
128,2025-01-04,Butler,520,St. John's (NY),-750,Butler,520
129,2025-01-04,Towson,245,Col. of Charleston,-320,Towson,245
130,2025-01-04,Charlotte,146,Rice,-178,Rice,-178
131,2025-01-04,ULM,235,Coastal Carolina,-300,ULM,235
132,2025-01-04,Duquesne,190,Davidson,-240,Davidson,-240
133,2025-01-04,Drexel,-188,N.C. A&T,152,N.C. A&T,152
134,2025-01-04,NIU,245,Eastern Mich.,-320,Eastern Mich.,-320
135,2025-01-04,Indiana St.,-150,Evansville,122,Evansville,122
136,2025-01-04,Western Ky.,-265,,210,Western Ky.,-265
137,2025-01-04,St. Bonaventure,-300,Fordham,235,St. Bonaventure,-300
138,2025-01-04,Presbyterian,138,Gardner-Webb,-170,Gardner-Webb,-170
139,2025-01-04,George Mason,-110,Rhode Island,-110,Rhode Island,-110
140,2025-01-04,High Point,-148,UNC Asheville,120,UNC Asheville,120
141,2025-01-04,Lipscomb,-260,North Florida,205,Lipscomb,-260
142,2025-01-04,VCU,-230,Loyola Chicago,188,VCU,-230
143,2025-01-04,Miami (FL),-114,Virginia Tech,-105,Miami (FL),-114
144,2025-01-04,South Carolina,430,Mississippi St.,-600,South Carolina,430
145,2025-01-04,UCLA,100,Nebraska,-120,UCLA,100
146,2025-01-04,St. Thomas (MN),-260,North Dakota,205,St. Thomas (MN),-260
147,2025-01-04,Omaha,490,North Dakota St.,-750,North Dakota St.,-750
148,2025-01-04,Stetson,148,West Ga.,-184,West Ga.,-184
149,2025-01-04,Tulsa,610,UAB,-950,Tulsa,610
150,2025-01-04,Duke,-365,SMU,285,SMU,285
151,2025-01-04,Arizona,130,Cincinnati,-156,Cincinnati,-156
152,2025-01-04,Jackson St.,-105,Alcorn,-115,Alcorn,-115
153,2025-01-04,IU Indy,470,Cleveland St.,-700,IU Indy,470
154,2025-01-04,South Alabama,-250,Ga. Southern,198,Ga. Southern,198
155,2025-01-04,Robert Morris,172,Oakland,-215,Oakland,-215
156,2025-01-04,Samford,-900,Western Caro.,570,Samford,-900
157,2025-01-04,Austin Peay,180,Jacksonville,-220,Austin Peay,180
158,2025-01-04,McNeese,-2200,East Texas A&M,980,McNeese,-2200
159,2025-01-04,Abilene Christian,310,Utah Valley,-420,Abilene Christian,310
160,2025-01-04,,2200,Alabama St.,-10000,Alabama St.,-10000
161,2025-01-04,UMass Lowell,-172,UAlbany,140,UMass Lowell,-172
162,2025-01-04,Arkansas St.,-128,James Madison,104,James Madison,104
163,2025-01-04,Missouri,1200,Auburn,-3500,Missouri,1200
164,2025-01-04,San Diego St.,146,Boise St.,-176,Boise St.,-176
165,2025-01-04,Monmouth,210,Delaware,-265,Delaware,-265
166,2025-01-04,Wofford,158,,-196,,-196
167,2025-01-04,Furman,-104,UNC Greensboro,-118,Furman,-104
168,2025-01-04,Idaho St.,245,Northern Colo.,-320,Idaho St.,245
169,2025-01-04,Kansas St.,146,TCU,-176,TCU,-176
170,2025-01-04,Louisiana Tech,-128,New Mexico St.,104,Louisiana Tech,-128
171,2025-01-04,Louisville,-182,Virginia,150,Louisville,-182
172,2025-01-04,Troy,-134,Marshall,110,Troy,-134
173,2025-01-04,UMES,1120,Norfolk St.,-3000,Norfolk St.,-3000
174,2025-01-04,Morehead St.,114,Tennessee Tech,-140,Tennessee Tech,-140
175,2025-01-04,South Carolina St.,-215,Morgan St.,172,South Carolina St.,-215
176,2025-01-04,Weber St.,124,Northern Ariz.,-152,Northern Ariz.,-152
177,2025-01-04,UNI,-196,Valparaiso,162,Valparaiso,162
178,2025-01-04,Southern Miss.,116,Old Dominion,-142,Old Dominion,-142
179,2025-01-04,Portland St.,-290,Sacramento St.,225,Portland St.,-290
180,2025-01-04,Little Rock,102,Tennessee St.,-124,Little Rock,102
181,2025-01-04,N.C. Central,-300,Coppin St.,235,Coppin St.,235
182,2025-01-04,Western Ill.,142,Eastern Ill.,-176,Western Ill.,142
183,2025-01-04,Vanderbilt,-134,LSU,112,LSU,112
184,2025-01-04,Lindenwood,245,SIUE,-320,Lindenwood,245
185,2025-01-04,Mercer,-290,VMI,225,VMI,225
186,2025-01-04,Nicholls,-124,Northwestern St.,102,Nicholls,-124
187,2025-01-04,Winthrop,-128,Radford,104,Radford,104
188,2025-01-04,A&M-Corpus Christi,-128,Southeastern La.,104,Southeastern La.,104
189,2025-01-04,Southeastern Mo. St.,118,UT Martin,-144,Southeastern Mo. St.,118
190,2025-01-04,Wyoming,-150,Air Force,122,Air Force,122
191,2025-01-04,Ark.-Pine Bluff,240,Alabama A&M,-310,Alabama A&M,-310
192,2025-01-04,UIC,184,Belmont,-225,Belmont,-225
193,2025-01-04,Montana St.,-128,Eastern Wash.,104,Eastern Wash.,104
194,2025-01-04,Montana,-140,Idaho,114,Montana,-140
195,2025-01-04,Jacksonville St.,-108,Kennesaw St.,-112,Jacksonville St.,-108
196,2025-01-04,Eastern Ky.,180,North Ala.,-225,Eastern Ky.,180
197,2025-01-04,Grambling,-142,Prairie View,116,Grambling,-142
198,2025-01-04,Oklahoma,540,Alabama,-800,Alabama,-800
199,2025-01-04,Colorado,215,Arizona St.,-265,Arizona St.,-265
200,2025-01-04,Bethune-Cookman,-230,Florida A&M,184,Florida A&M,184
201,2025-01-04,UC Davis,360,CSUN,-500,CSUN,-500
202,2025-01-04,Syracuse,300,Florida St.,-400,Florida St.,-400
203,2025-01-04,,210,SFA,-265,SFA,-265
204,2025-01-04,Middle Tenn.,260,Liberty,-330,Middle Tenn.,260
205,2025-01-04,UTRGV,-355,New Orleans,270,New Orleans,270
206,2025-01-04,San Diego,790,Oregon St.,-1500,Oregon St.,-1500
207,2025-01-04,San Jose St.,430,UNLV,-600,UNLV,-600
208,2025-01-04,Southern U.,-110,Texas Southern,-110,Texas Southern,-110
209,2025-01-04,UTSA,184,Tulane,-225,UTSA,184
210,2025-01-04,Stanford,365,Pittsburgh,-490,Stanford,365
211,2025-01-04,Campbell,470,UNCW,-700,UNCW,-700
212,2025-01-04,Ohio,-192,Central Mich.,158,Central Mich.,158
213,2025-01-04,Charleston So.,310,Longwood,-420,Charleston So.,310
214,2025-01-04,Hampton,290,Elon,-385,Elon,-385
215,2025-01-04,Youngstown St.,186,Purdue Fort Wayne,-235,Youngstown St.,186
216,2025-01-04,Louisiana,-104,Georgia St.,-118,Louisiana,-104
217,2025-01-04,Houston Christian,440,Lamar University,-650,Lamar University,-650
218,2025-01-04,Pepperdine,-124,Pacific,102,Pepperdine,-124
219,2025-01-04,San Francisco,118,Washington St.,-142,Washington St.,-142
220,2025-01-04,Texas Tech,-142,Utah,118,Utah,118
221,2025-01-04,Missouri St.,540,Bradley,-800,Bradley,-800
222,2025-01-04,Seattle U,156,California Baptist,-194,California Baptist,-194
223,2025-01-04,Delaware St.,198,Howard,-250,Delaware St.,198
224,2025-01-04,Denver,350,South Dakota,-480,Denver,350
225,2025-01-04,Southern Utah,1260,Grand Canyon,-4000,Southern Utah,1260
226,2025-01-04,Michigan,-205,Southern California,168,Michigan,-205
227,2025-01-04,Oral Roberts,320,Kansas City,-430,Oral Roberts,320
228,2025-01-04,UT Arlington,-230,Tarleton St.,184,UT Arlington,-230
229,2025-01-04,Texas,188,Texas A&M,-230,Texas A&M,-230
230,2025-01-04,California,810,Clemson,-1450,Clemson,-1450
231,2025-01-04,UC San Diego,-950,Cal St. Fullerton,590,Cal St. Fullerton,590
232,2025-01-04,Fresno St.,2000,Utah St.,-7000,Utah St.,-7000
233,2025-01-04,Gonzaga,-1800,LMU (CA),980,LMU (CA),980
234,2025-01-04,Sam Houston,188,UTEP,-225,UTEP,-225
235,2025-01-04,Long Beach St.,172,CSU Bakersfield,-215,Long Beach St.,172
236,2025-01-04,Saint Mary's (CA),-3500,Portland,1280,Saint Mary's (CA),-3500
237,2025-01-04,UC Riverside,430,UC Irvine,-600,UC Irvine,-600
238,2025-01-04,Cal Poly,235,Hawaii,-295,Cal Poly,235
239,2025-01-05,Indiana,210,Penn St.,-260,Penn St.,-260
240,2025-01-05,Army West Point,158,Boston U.,-196,Army West Point,158
241,2025-01-05,Central Conn. St.,-450,Mercyhurst,330,Mercyhurst,330
242,2025-01-05,Fla. Atlantic,-138,East Carolina,115,Fla. Atlantic,-138
243,2025-01-05,FDU,120,Wagner,-148,Wagner,-148
244,2025-01-05,Lehigh,-120,Loyola Maryland,-102,Loyola Maryland,-102
245,2025-01-05,Holy Cross,194,American,-245,American,-245
246,2025-01-05,Colgate,-105,Bucknell,-114,Bucknell,-114
247,2025-01-05,Canisius,340,Sacred Heart,-470,Canisius,340
248,2025-01-05,Chicago St.,225,LIU,-290,Chicago St.,225
249,2025-01-05,Iona,110,Siena,-132,Siena,-132
250,2025-01-05,Lafayette,114,Navy,-140,Lafayette,114
251,2025-01-05,Manhattan,106,Rider,-128,Rider,-128
252,2025-01-05,Quinnipiac,112,Marist,-134,Quinnipiac,112
253,2025-01-05,Niagara,186,Mount St. Mary's,-235,Mount St. Mary's,-235
254,2025-01-05,Northwestern,260,Purdue,-330,Northwestern,260
255,2025-01-05,Providence,860,UConn,-1600,Providence,860
256,2025-01-05,Stonehill,-110,Saint Francis,-110,Saint Francis,-110
257,2025-01-05,Murray St.,365,Drake,-490,Drake,-490
258,2025-01-05,Illinois,-430,Washington,330,Washington,330
259,2025-01-05,Southern Ill.,220,Illinois St.,-275,Illinois St.,-275
260,2025-01-05,Kansas,-230,UCF,188,Kansas,-230
261,2025-01-05,Maryland,146,Oregon,-178,Maryland,146
262,2025-01-05,North Texas,375,Memphis,-500,North Texas,375
263,2025-01-06,Ark.-Pine Bluff,1100,Alabama St.,-2500,Alabama St.,-2500
264,2025-01-06,Wisconsin,-122,Rutgers,102,Wisconsin,-122
265,2025-01-06,UTRGV,-128,Southeastern La.,106,Southeastern La.,106
266,2025-01-06,South Fla.,310,Wichita St.,-400,South Fla.,310
267,2025-01-06,Norfolk St.,-300,Delaware St.,235,Delaware St.,235
268,2025-01-06,Houston Christian,390,SFA,-550,Houston Christian,390
269,2025-01-06,McNeese,-550,Northwestern St.,400,Northwestern St.,400
270,2025-01-06,N.C. Central,-162,Morgan St.,134,N.C. Central,-162
271,2025-01-06,A&M-Corpus Christi,-450,New Orleans,340,New Orleans,340
272,2025-01-06,Nicholls,-220,East Texas A&M,180,Nicholls,-220
273,2025-01-06,,1120,Alabama A&M,-3000,,1120
274,2025-01-06,South Carolina St.,-600,Coppin St.,420,Coppin St.,420
275,2025-01-06,Grambling,134,Texas Southern,-162,Grambling,134
276,2025-01-06,,146,Lamar University,-178,,146
277,2025-01-06,Southern U.,-188,Prairie View,148,Prairie View,148
278,2025-01-06,TCU,1600,Houston,-4500,TCU,1600
279,2025-01-06,Ohio St.,-210,Minnesota,172,Ohio St.,-210
280,2025-01-07,N.C. Central,-164,Morgan St.,136,Morgan St.,136
281,2025-01-07,St. John's (NY),-134,Xavier,112,St. John's (NY),-134
282,2025-01-07,Central Mich.,300,Akron,-400,Akron,-400
283,2025-01-07,Arizona,-152,West Virginia,126,West Virginia,126
284,2025-01-07,Miami (OH),-115,Ball St.,-105,Miami (OH),-115
285,2025-01-07,Bowling Green,152,Western Mich.,-188,Western Mich.,-188
286,2025-01-07,Ohio,-450,Buffalo,330,Buffalo,330
287,2025-01-07,Clemson,138,Louisville,-166,Louisville,-166
288,2025-01-07,Pittsburgh,860,Duke,-1600,Pittsburgh,860
289,2025-01-07,Eastern Mich.,390,Toledo,-550,Toledo,-550
290,2025-01-07,Tennessee,110,Florida,-132,Florida,-132
291,2025-01-07,Kentucky,-142,Georgia,118,Kentucky,-142
292,2025-01-07,Georgia Tech,100,Syracuse,-120,Georgia Tech,100
293,2025-01-07,Kent St.,-900,NIU,540,Kent St.,-900
294,2025-01-07,Tulane,300,UAB,-400,Tulane,300
295,2025-01-07,Cincinnati,180,Baylor,-220,Baylor,-220
296,2025-01-07,Georgetown,610,Marquette,-950,Georgetown,610
297,2025-01-07,Nebraska,146,Iowa,-176,Nebraska,146
298,2025-01-07,Utah,1400,Iowa St.,-4000,Utah,1400
299,2025-01-07,Kansas St.,112,Oklahoma St.,-134,Oklahoma St.,-134
300,2025-01-07,UIC,124,Missouri St.,-152,Missouri St.,-152
301,2025-01-07,Tulsa,198,UTSA,-250,UTSA,-250
302,2025-01-07,SIUE,-162,Eastern Ill.,132,SIUE,-162
303,2025-01-07,Auburn,-670,Texas,470,Auburn,-670
304,2025-01-07,Texas Tech,125,BYU,-150,BYU,-150
305,2025-01-07,Fresno St.,920,Colorado St.,-2000,Fresno St.,920
306,2025-01-07,LSU,220,Missouri,-275,Missouri,-275
307,2025-01-07,Mississippi St.,-120,Vanderbilt,100,Mississippi St.,-120
308,2025-01-07,SMU,198,North Carolina,-245,SMU,198
309,2025-01-07,Michigan,140,UCLA,-170,UCLA,-170
310,2025-01-07,New Mexico,-310,Wyoming,245,Wyoming,245
311,2025-01-07,Utah St.,-670,San Jose St.,470,San Jose St.,470
312,2025-01-07,UNLV,275,Boise St.,-350,UNLV,275
313,2025-01-07,LMU (CA),890,Saint Mary's (CA),-1700,LMU (CA),890
314,2025-01-08,Loyola Maryland,122,Army West Point,-146,Army West Point,-146
315,2025-01-08,Navy,100,Holy Cross,-120,Navy,100
316,2025-01-08,Coastal Carolina,300,App State,-400,App State,-400
317,2025-01-08,DePaul,118,Seton Hall,-142,DePaul,118
318,2025-01-08,Loyola Chicago,-148,La Salle,120,La Salle,120
319,2025-01-08,Northern Ky.,118,Youngstown St.,-144,Northern Ky.,118
320,2025-01-08,UConn,-115,Villanova,-104,Villanova,-104
321,2025-01-08,Alabama,-465,South Carolina,350,Alabama,-465
322,2025-01-08,American,-102,Boston U.,-120,American,-102
323,2025-01-08,Ole Miss,134,Arkansas,-162,Ole Miss,134
324,2025-01-08,Drake,130,Bradley,-156,Drake,130
325,2025-01-08,Lafayette,186,Bucknell,-235,Lafayette,186
326,2025-01-08,High Point,-385,Charleston So.,290,Charleston So.,290
327,2025-01-08,Fla. Atlantic,-260,Charlotte,205,Charlotte,205
328,2025-01-08,Cleveland St.,118,Robert Morris,-144,Robert Morris,-144
329,2025-01-08,Lehigh,172,Colgate,-215,Lehigh,172
330,2025-01-08,Colorado,188,UCF,-225,Colorado,188
331,2025-01-08,Dayton,-520,Massachusetts,370,Massachusetts,370
332,2025-01-08,Saint Joseph's,-168,Duquesne,136,Duquesne,136
333,2025-01-08,Temple,138,East Carolina,-170,Temple,138
334,2025-01-08,,-158,Mercer,128,,-158
335,2025-01-08,Florida St.,-102,Miami (FL),-118,Florida St.,-102
336,2025-01-08,Fordham,1200,VCU,-4000,Fordham,1200
337,2025-01-08,Milwaukee,132,Purdue Fort Wayne,-162,Purdue Fort Wayne,-162
338,2025-01-08,Furman,-1000,The Citadel,610,The Citadel,610
339,2025-01-08,George Washington,210,Rhode Island,-265,George Washington,210
340,2025-01-08,Winthrop,-140,Gardner-Webb,112,Gardner-Webb,112
341,2025-01-08,Richmond,490,George Mason,-750,George Mason,-750
342,2025-01-08,Southern California,240,Indiana,-300,Indiana,-300
343,2025-01-08,UNC Asheville,152,Longwood,-188,Longwood,-188
344,2025-01-08,Murray St.,194,UNI,-245,UNI,-245
345,2025-01-08,Notre Dame,114,NC State,-137,NC State,-137
346,2025-01-08,Presbyterian,-245,USC Upstate,194,USC Upstate,194
347,2025-01-08,Western Caro.,820,Wofford,-1600,Western Caro.,820
348,2025-01-08,Southern Ill.,420,Belmont,-600,Belmont,-600
349,2025-01-08,Illinois St.,-235,Evansville,186,Evansville,186
350,2025-01-08,Indiana St.,100,Valparaiso,-122,Indiana St.,100
351,2025-01-08,St. Bonaventure,142,Saint Louis,-176,St. Bonaventure,142
352,2025-01-08,Butler,126,Providence,-152,Butler,126
353,2025-01-08,Ga. Southern,138,Georgia St.,-170,Ga. Southern,138
354,2025-01-08,Arizona St.,800,Kansas,-1400,Kansas,-1400
355,2025-01-08,Penn St.,390,Illinois,-530,Penn St.,390
356,2025-01-08,Rice,520,North Texas,-750,Rice,520
357,2025-01-08,Texas A&M,104,Oklahoma,-125,Oklahoma,-125
358,2025-01-08,Kansas City,-130,Omaha,106,Kansas City,-130
359,2025-01-08,South Dakota St.,144,St. Thomas (MN),-178,St. Thomas (MN),-178
360,2025-01-08,Virginia Tech,310,Stanford,-400,Stanford,-400
361,2025-01-08,Air Force,2000,San Diego St.,-7000,Air Force,2000
362,2025-01-08,Virginia,152,California,-184,Virginia,152
363,2025-01-09,Morehead St.,220,Little Rock,-280,Morehead St.,220
364,2025-01-09,UNC Greensboro,142,Chattanooga,-172,Chattanooga,-172
365,2025-01-09,Binghamton,240,Maine,-310,Binghamton,240
366,2025-01-09,Oregon,126,Ohio St.,-152,Oregon,126
367,2025-01-09,Purdue,-120,Rutgers,100,Rutgers,100
368,2025-01-09,Vermont,160,UMass Lowell,-194,Vermont,160
369,2025-01-09,Jacksonville,-245,Bellarmine,194,Jacksonville,-245
370,2025-01-09,Detroit Mercy,186,IU Indy,-235,IU Indy,-235
371,2025-01-09,UAlbany,-400,New Hampshire,300,New Hampshire,300
372,2025-01-09,Campbell,176,Hampton,-220,Campbell,176
373,2025-01-09,Central Ark.,110,Stetson,-134,Central Ark.,110
374,2025-01-09,Col. of Charleston,100,Hofstra,-120,Hofstra,-120
375,2025-01-09,Delaware,-215,N.C. A&T,172,Delaware,-215
376,2025-01-09,Drexel,-300,Stony Brook,235,Stony Brook,235
377,2025-01-09,North Florida,126,Eastern Ky.,-154,North Florida,126
378,2025-01-09,Elon,100,William & Mary,-120,Elon,100
379,2025-01-09,North Ala.,104,FGCU,-128,North Ala.,104
380,2025-01-09,James Madison,100,Marshall,-120,James Madison,100
381,2025-01-09,UNCW,-205,Monmouth,164,UNCW,-205
382,2025-01-09,UMBC,-385,NJIT,290,UMBC,-385
383,2025-01-09,Northeastern,144,Towson,-178,Northeastern,144
384,2025-01-09,Oakland,136,Wright St.,-164,Wright St.,-164
385,2025-01-09,Texas St.,245,Troy,-310,Texas St.,245
386,2025-01-09,,320,Louisiana Tech,-430,Louisiana Tech,-430
387,2025-01-09,Kennesaw St.,320,Middle Tenn.,-430,Kennesaw St.,320
388,2025-01-09,Arkansas St.,108,South Alabama,-132,South Alabama,-132
389,2025-01-09,West Ga.,320,Austin Peay,-430,Austin Peay,-430
390,2025-01-09,Grand Canyon,-164,Utah Valley,136,Grand Canyon,-164
391,2025-01-09,Jacksonville St.,225,Western Ky.,-290,Jacksonville St.,225
392,2025-01-09,Queens (NC),980,Lipscomb,-2200,Lipscomb,-2200
393,2025-01-09,Old Dominion,176,Louisiana,-225,Louisiana,-225
394,2025-01-09,Washington,860,Michigan St.,-1600,Michigan St.,-1600
395,2025-01-09,North Dakota St.,-325,Oral Roberts,250,North Dakota St.,-325
396,2025-01-09,VMI,1300,Samford,-4500,Samford,-4500
397,2025-01-09,ULM,290,Southern Miss.,-385,Southern Miss.,-385
398,2025-01-09,Tennessee Tech,114,Eastern Ill.,-140,Eastern Ill.,-140
399,2025-01-09,Tennessee St.,102,Lindenwood,-124,Lindenwood,-124
400,2025-01-09,Southern Ind.,245,Southeastern Mo. St.,-320,Southern Ind.,245
401,2025-01-09,Tarleton St.,240,Southern Utah,-310,Tarleton St.,240
402,2025-01-09,UT Martin,-130,Western Ill.,106,UT Martin,-130
403,2025-01-09,Cal St. Fullerton,265,UC Davis,-350,Cal St. Fullerton,265
404,2025-01-09,North Dakota,-128,Denver,104,Denver,104
405,2025-01-09,Liberty,-182,Sam Houston,150,Sam Houston,150
406,2025-01-09,Northern Ariz.,255,Montana,-320,Montana,-320
407,2025-01-09,Northern Colo.,-118,Montana St.,-102,Montana St.,-102
408,2025-01-09,UT Arlington,-200,Utah Tech,160,UT Arlington,-200
409,2025-01-09,Pacific,1260,Washington St.,-4000,Washington St.,-4000
410,2025-01-09,CSU Bakersfield,280,UC Santa Barbara,-360,UC Santa Barbara,-360
411,2025-01-09,UC Irvine,-176,CSUN,146,CSUN,146
412,2025-01-09,Cal Poly,790,UC San Diego,-1600,Cal Poly,790
413,2025-01-09,Eastern Wash.,140,Portland St.,-170,Portland St.,-170
414,2025-01-09,Hawaii,114,UC Riverside,-137,UC Riverside,-137
415,2025-01-09,Idaho,-162,Sacramento St.,130,Sacramento St.,130
416,2025-01-09,Oregon St.,195,Santa Clara,-240,Oregon St.,195
417,2025-01-09,Portland,1600,San Francisco,-4500,San Francisco,-4500
418,2025-01-10,Merrimack,-142,Sacred Heart,118,Sacred Heart,118
419,2025-01-10,Kent St.,-550,Buffalo,400,Kent St.,-550
420,2025-01-10,Saint Peter's,-128,Niagara,106,Saint Peter's,-128
421,2025-01-10,Rider,-172,Canisius,140,Canisius,140
422,2025-01-10,Wagner,340,Central Conn. St.,-470,Wagner,340
423,2025-01-10,Iona,-134,Fairfield,110,Iona,-134
424,2025-01-10,FDU,-104,Le Moyne,-118,FDU,-104
425,2025-01-10,LIU,172,Stonehill,-215,LIU,172
426,2025-01-10,Mount St. Mary's,104,Manhattan,-128,Mount St. Mary's,104
427,2025-01-10,Mercyhurst,132,Saint Francis,-162,Saint Francis,-162
428,2025-01-10,Minnesota,720,Wisconsin,-1200,Minnesota,720
429,2025-01-10,Siena,172,Quinnipiac,-215,Quinnipiac,-215
430,2025-01-10,Central Mich.,168,Toledo,-205,Toledo,-205
431,2025-01-10,UCLA,176,Maryland,-215,UCLA,176
432,2025-01-11,Brown,450,Yale,-630,Brown,450
433,2025-01-11,Creighton,-125,Butler,104,Butler,104
434,2025-01-11,Notre Dame,1600,Duke,-4500,Notre Dame,1600
435,2025-01-11,Southern California,800,Illinois,-1400,Illinois,-1400
436,2025-01-11,La Salle,550,St. Bonaventure,-820,St. Bonaventure,-820
437,2025-01-11,Louisville,150,Pittsburgh,-182,Pittsburgh,-182
438,2025-01-11,James Madison,104,App State,-125,App State,-125
439,2025-01-11,Auburn,-2800,South Carolina,1160,Auburn,-2800
440,2025-01-11,Belmont,110,Indiana St.,-132,Belmont,110
441,2025-01-11,Binghamton,-215,New Hampshire,172,New Hampshire,172
442,2025-01-11,Col. of Charleston,-300,Monmouth,235,Monmouth,235
443,2025-01-11,UNCW,-102,Hofstra,-118,UNCW,-102
444,2025-01-11,Holy Cross,164,Lafayette,-200,Lafayette,-200
445,2025-01-11,NJIT,1400,UMass Lowell,-4500,UMass Lowell,-4500
446,2025-01-11,San Diego St.,134,New Mexico,-162,San Diego St.,134
447,2025-01-11,NIU,1500,Ohio,-5000,NIU,1500
448,2025-01-11,UAlbany,-108,Maine,-112,UAlbany,-108
449,2025-01-11,Army West Point,142,Lehigh,-176,Lehigh,-176
450,2025-01-11,BYU,-132,TCU,110,BYU,-132
451,2025-01-11,Bowling Green,186,Ball St.,-235,Bowling Green,186
452,2025-01-11,Boston U.,132,Colgate,-162,Boston U.,132
453,2025-01-11,Kansas,-114,Cincinnati,-105,Kansas,-114
454,2025-01-11,Florida St.,340,Clemson,-450,Clemson,-450
455,2025-01-11,Cleveland St.,142,Youngstown St.,-176,Cleveland St.,142
456,2025-01-11,Cornell,-112,Columbia,-108,Columbia,-108
457,2025-01-11,Penn,144,Dartmouth,-178,Dartmouth,-178
458,2025-01-11,Fordham,315,Davidson,-410,Fordham,315
459,2025-01-11,Delaware,-122,Hampton,100,Delaware,-122
460,2025-01-11,Towson,110,Drexel,-134,Drexel,-134
461,2025-01-11,East Carolina,640,Memphis,-1000,East Carolina,640
462,2025-01-11,Massachusetts,460,George Mason,-650,George Mason,-650
463,2025-01-11,UConn,-188,Georgetown,155,Georgetown,155
464,2025-01-11,Princeton,-245,Harvard,194,Harvard,194
465,2025-01-11,Iowa St.,104,Texas Tech,-125,Iowa St.,104
466,2025-01-11,Longwood,128,Winthrop,-158,Longwood,128
467,2025-01-11,N.C. A&T,540,William & Mary,-850,N.C. A&T,540
468,2025-01-11,East Texas A&M,300,Northwestern St.,-400,East Texas A&M,300
469,2025-01-11,South Dakota St.,-188,Omaha,152,South Dakota St.,-188
470,2025-01-11,UNC Asheville,-108,Presbyterian,-112,UNC Asheville,-108
471,2025-01-11,Radford,-280,USC Upstate,220,Radford,-280
472,2025-01-11,Temple,-111,Rice,-108,Temple,-111
473,2025-01-11,South Fla.,126,Tulane,-152,South Fla.,126
474,2025-01-11,San Jose St.,-120,Air Force,-102,San Jose St.,-120
475,2025-01-11,Syracuse,-110,Boston College,-110,Syracuse,-110
476,2025-01-11,Bradley,-140,UIC,114,UIC,114
477,2025-01-11,North Dakota St.,-430,Denver,320,North Dakota St.,-430
478,2025-01-11,Kennesaw St.,290,Western Ky.,-385,Western Ky.,-385
479,2025-01-11,Loyola Chicago,180,Saint Joseph's,-220,Loyola Chicago,180
480,2025-01-11,Old Dominion,730,South Alabama,-1300,South Alabama,-1300
481,2025-01-11,Texas St.,-188,Southern Miss.,152,Southern Miss.,152
482,2025-01-11,Akron,-345,Eastern Mich.,270,Akron,-345
483,2025-01-11,,245,Sam Houston,-320,Sam Houston,-320
484,2025-01-11,Western Mich.,400,Miami (OH),-550,Miami (OH),-550
485,2025-01-11,Vanderbilt,136,Missouri,-164,Vanderbilt,136
486,2025-01-11,Alabama A&M,112,Alcorn,-140,Alabama A&M,112
487,2025-01-11,Bucknell,132,American,-162,Bucknell,132
488,2025-01-11,Florida,-192,Arkansas,158,Arkansas,158
489,2025-01-11,Vermont,128,Bryant,-158,Bryant,-158
490,2025-01-11,Hawaii,-420,Cal St. Fullerton,310,Hawaii,-420
491,2025-01-11,California Baptist,194,Utah Valley,-245,California Baptist,194
492,2025-01-11,Coastal Carolina,138,Georgia St.,-170,Georgia St.,-170
493,2025-01-11,UNLV,205,Colorado St.,-255,UNLV,205
494,2025-01-11,Coppin St.,1600,Norfolk St.,-6000,Coppin St.,1600
495,2025-01-11,Xavier,-220,DePaul,180,DePaul,180
496,2025-01-11,Delaware St.,360,South Carolina St.,-500,South Carolina St.,-500
497,2025-01-11,The Citadel,980,,-2200,The Citadel,980
498,2025-01-11,Jacksonville,-102,Eastern Ky.,-120,Jacksonville,-102
499,2025-01-11,Eastern Wash.,-205,Sacramento St.,164,Eastern Wash.,-205
500,2025-01-11,Ga. Southern,290,Marshall,-385,Marshall,-385
501,2025-01-11,Georgia Tech,360,SMU,-465,SMU,-465
502,2025-01-11,Morgan St.,320,Howard,-430,Morgan St.,320
503,2025-01-11,UMES,390,N.C. Central,-550,UMES,390
504,2025-01-11,Valparaiso,290,Murray St.,-375,Murray St.,-375
505,2025-01-11,North Carolina,-200,NC State,164,NC State,164
506,2025-01-11,North Ala.,-355,Stetson,270,Stetson,270
507,2025-01-11,Virginia,260,Stanford,-330,Virginia,260
508,2025-01-11,Wichita St.,-230,UTSA,188,Wichita St.,-230
509,2025-01-11,Alabama St.,148,Jackson St.,-184,Jackson St.,-184
510,2025-01-11,Arkansas St.,104,Troy,-128,Troy,-128
511,2025-01-11,,-118,Houston Christian,-104,Houston Christian,-104
512,2025-01-11,UT Martin,-108,Lindenwood,-112,Lindenwood,-112
513,2025-01-11,Tennessee St.,-102,Western Ill.,-120,Western Ill.,-120
514,2025-01-11,UTRGV,180,A&M-Corpus Christi,-225,A&M-Corpus Christi,-225
515,2025-01-11,Morehead St.,134,Southeastern Mo. St.,-164,Southeastern Mo. St.,-164
516,2025-01-11,Queens (NC),-112,Austin Peay,-110,Austin Peay,-110
517,2025-01-11,Idaho,132,Portland St.,-162,Idaho,132
518,2025-01-11,West Ga.,1400,Lipscomb,-4500,Lipscomb,-4500
519,2025-01-11,Long Beach St.,180,UC Davis,-225,Long Beach St.,180
520,2025-01-11,Navy,126,Loyola Maryland,-154,Loyola Maryland,-154
521,2025-01-11,Nicholls,880,McNeese,-1800,Nicholls,880
522,2025-01-11,Seton Hall,290,Providence,-375,Providence,-375
523,2025-01-11,Tennessee Tech,205,SIUE,-260,SIUE,-260
524,2025-01-11,Wake Forest,-172,Miami (FL),142,Wake Forest,-172
525,2025-01-11,Bethune-Cookman,-112,Grambling,-108,Bethune-Cookman,-112
526,2025-01-11,Virginia Tech,215,California,-265,Virginia Tech,215
527,2025-01-11,Evansville,1160,Drake,-2800,Drake,-2800
528,2025-01-11,Florida A&M,710,Southern U.,-1250,Southern U.,-1250
529,2025-01-11,Oklahoma,220,Georgia,-275,Georgia,-275
530,2025-01-11,Houston,-800,Kansas St.,540,Kansas St.,540
531,2025-01-11,Jacksonville St.,205,Middle Tenn.,-260,Middle Tenn.,-260
532,2025-01-11,LSU,350,Ole Miss,-465,Ole Miss,-465
533,2025-01-11,Northern Colo.,106,Montana,-130,Montana,-130
534,2025-01-11,Southeastern La.,-300,New Orleans,235,New Orleans,235
535,2025-01-11,Oakland,136,Northern Ky.,-168,Northern Ky.,-168
536,2025-01-11,Rhode Island,-154,Richmond,128,Rhode Island,-154
537,2025-01-11,UNC Greensboro,194,Samford,-245,Samford,-245
538,2025-01-11,Tennessee,-230,Texas,188,Tennessee,-230
539,2025-01-11,North Florida,-230,Bellarmine,184,Bellarmine,184
540,2025-01-11,Detroit Mercy,1040,Purdue Fort Wayne,-2500,Detroit Mercy,1040
541,2025-01-11,Nevada,-750,Fresno St.,490,Nevada,-750
542,2025-01-11,Gardner-Webb,470,High Point,-700,Gardner-Webb,470
543,2025-01-11,UNI,-104,Illinois St.,-118,UNI,-104
544,2025-01-11,SFA,220,Lamar University,-280,SFA,220
545,2025-01-11,Prairie View,-1300,,730,,730
546,2025-01-11,Missouri St.,110,Southern Ill.,-134,Missouri St.,110
547,2025-01-11,Northeastern,-240,Stony Brook,190,Northeastern,-240
548,2025-01-11,Oklahoma St.,240,Utah,-300,Utah,-300
549,2025-01-11,San Francisco,118,Santa Clara,-144,San Francisco,118
550,2025-01-11,Villanova,235,St. John's (NY),-295,St. John's (NY),-295
551,2025-01-11,Alabama,-152,Texas A&M,126,Alabama,-152
552,2025-01-11,UC Santa Barbara,-154,Cal Poly,126,UC Santa Barbara,-154
553,2025-01-11,Weber St.,172,Idaho St.,-215,Idaho St.,-215
554,2025-01-11,Indiana,180,Iowa,-220,Indiana,180
555,2025-01-11,Liberty,-140,Louisiana Tech,116,Liberty,-140
556,2025-01-11,ULM,235,Louisiana,-300,ULM,235
557,2025-01-11,Northern Ariz.,265,Montana St.,-350,Montana St.,-350
558,2025-01-11,North Dakota,-130,Oral Roberts,106,North Dakota,-130
559,2025-01-11,South Dakota,390,St. Thomas (MN),-550,St. Thomas (MN),-550
560,2025-01-11,Kentucky,188,Mississippi St.,-230,Mississippi St.,-230
561,2025-01-11,UT Arlington,104,Southern Utah,-125,UT Arlington,104
562,2025-01-11,Boise St.,202,Utah St.,-250,Utah St.,-250
563,2025-01-11,Washington St.,1200,Gonzaga,-3000,Washington St.,1200
564,2025-01-11,New Mexico St.,240,UTEP,-300,UTEP,-300
565,2025-01-11,Tarleton St.,120,Utah Tech,-148,Utah Tech,-148
566,2025-01-11,Baylor,-205,Arizona St.,168,Arizona St.,168
567,2025-01-11,CSUN,-196,CSU Bakersfield,158,CSU Bakersfield,158
568,2025-01-11,Abilene Christian,320,Seattle U,-430,Seattle U,-430
569,2025-01-11,UCF,980,Arizona,-2000,Arizona,-2000
570,2025-01-11,LMU (CA),-108,Pepperdine,-112,LMU (CA),-108
571,2025-01-11,Oregon St.,-345,Pacific,270,Oregon St.,-345
572,2025-01-11,Saint Mary's (CA),-3000,San Diego,1200,Saint Mary's (CA),-3000
573,2025-01-11,UC Irvine,195,UC San Diego,-240,UC San Diego,-240
574,2025-01-11,VMI,570,Chattanooga,-900,VMI,570
575,2025-01-11,Charlotte,124,Tulsa,-152,Charlotte,124
576,2025-01-12,VMI,820,Chattanooga,-1600,VMI,820
577,2025-01-12,Michigan St.,-140,Northwestern,116,Michigan St.,-140
578,2025-01-12,Nebraska,285,Purdue,-365,Purdue,-365
579,2025-01-12,Rider,205,Niagara,-255,Niagara,-255
580,2025-01-12,Saint Peter's,-250,Canisius,202,Canisius,202
581,2025-01-12,LIU,310,Central Conn. St.,-400,LIU,310
582,2025-01-12,Saint Francis,138,FDU,-166,Saint Francis,138
583,2025-01-12,Quinnipiac,-126,Iona,105,Quinnipiac,-126
584,2025-01-12,Stonehill,-142,Chicago St.,118,Chicago St.,118
585,2025-01-12,Fairfield,220,Marist,-275,Marist,-275
586,2025-01-12,Mercyhurst,142,Le Moyne,-172,Mercyhurst,142
587,2025-01-12,Manhattan,275,Merrimack,-350,Manhattan,275
588,2025-01-12,Washington,800,Michigan,-1400,Washington,800
589,2025-01-12,Sacred Heart,158,Mount St. Mary's,-192,Mount St. Mary's,-192
590,2025-01-12,Wright St.,-110,Robert Morris,-110,Robert Morris,-110
591,2025-01-12,Charlotte,124,Tulsa,-152,Tulsa,-152
592,2025-01-12,West Virginia,-114,Colorado,-105,Colorado,-105
593,2025-01-12,Mercer,-210,Western Caro.,172,Western Caro.,172
594,2025-01-12,Oregon,-138,Penn St.,115,Penn St.,115
595,2025-01-12,Southern Ind.,202,Little Rock,-250,Little Rock,-250
596,2025-01-12,UAB,136,Fla. Atlantic,-164,UAB,136
597,2025-01-13,Prairie View,-240,Ark.-Pine Bluff,195,Prairie View,-240
598,2025-01-13,Minnesota,980,Maryland,-2000,Maryland,-2000
599,2025-01-13,UCLA,-146,Rutgers,122,Rutgers,122
600,2025-01-13,Alabama St.,-122,Alcorn,102,Alabama St.,-122
601,2025-01-13,American,-104,Loyola Maryland,-115,American,-104
602,2025-01-13,Boston College,470,Notre Dame,-670,Notre Dame,-670
603,2025-01-13,Wofford,190,Furman,-235,Furman,-235
604,2025-01-13,Texas Southern,-1700,,890,Texas Southern,-1700
605,2025-01-13,Bethune-Cookman,164,Southern U.,-200,Bethune-Cookman,164
606,2025-01-13,Coppin St.,640,Howard,-1000,Coppin St.,640
607,2025-01-13,Delaware St.,172,N.C. Central,-205,N.C. Central,-205
608,2025-01-13,Florida A&M,260,Grambling,-330,Grambling,-330
609,2025-01-13,Nicholls,108,,-130,Nicholls,108
610,2025-01-13,UMES,720,South Carolina St.,-1200,UMES,720
611,2025-01-13,Norfolk St.,-480,Morgan St.,360,Norfolk St.,-480
612,2025-01-13,Southeastern La.,152,SFA,-184,Southeastern La.,152
613,2025-01-13,East Texas A&M,660,UTRGV,-1050,UTRGV,-1050
614,2025-01-13,Alabama A&M,365,Jackson St.,-490,Jackson St.,-490
615,2025-01-13,McNeese,-1450,Houston Christian,810,McNeese,-1450
616,2025-01-13,New Orleans,810,Lamar University,-1450,Lamar University,-1450
617,2025-01-13,Northwestern St.,310,A&M-Corpus Christi,-400,Northwestern St.,310
618,2025-01-13,Campbell,315,Elon,-410,Campbell,315
619,2025-01-14,Villanova,125,Xavier,-150,Villanova,125
620,2025-01-14,Toledo,245,Akron,-310,Toledo,245
621,2025-01-14,Ole Miss,460,Alabama,-650,Ole Miss,460
622,2025-01-14,Mississippi St.,285,Auburn,-360,Auburn,-360
623,2025-01-14,Ball St.,440,Ohio,-610,Ohio,-610
624,2025-01-14,Buffalo,240,Bowling Green,-310,Bowling Green,-310
625,2025-01-14,Eastern Mich.,260,Central Mich.,-330,Eastern Mich.,260
626,2025-01-14,Marquette,-1000,DePaul,640,DePaul,640
627,2025-01-14,North Texas,-178,East Carolina,146,North Texas,-178
628,2025-01-14,Illinois,-170,Indiana,140,Illinois,-170
629,2025-01-14,Western Mich.,740,Kent St.,-1250,Kent St.,-1250
630,2025-01-14,Texas A&M,205,Kentucky,-255,Kentucky,-255
631,2025-01-14,Louisville,-300,Syracuse,240,Louisville,-300
632,2025-01-14,Miami (OH),-1050,NIU,660,Miami (OH),-1050
633,2025-01-14,Saint Louis,330,VCU,-430,Saint Louis,330
634,2025-01-14,Valparaiso,230,Belmont,-285,Valparaiso,230
635,2025-01-14,Georgetown,440,St. John's (NY),-610,St. John's (NY),-610
636,2025-01-14,Evansville,760,UNI,-1300,UNI,-1300
637,2025-01-14,UTSA,190,Rice,-235,UTSA,190
638,2025-01-14,Little Rock,114,Southeastern Mo. St.,-137,Little Rock,114
639,2025-01-14,Charlotte,365,Wichita St.,-490,Wichita St.,-490
640,2025-01-14,Providence,330,Creighton,-430,Providence,330
641,2025-01-14,Arkansas,-118,LSU,-102,Arkansas,-118
642,2025-01-14,Oklahoma St.,660,BYU,-1050,BYU,-1050
643,2025-01-14,Wyoming,920,Boise St.,-1800,Wyoming,920
644,2025-01-14,Clemson,-192,Georgia Tech,158,Clemson,-192
645,2025-01-14,Miami (FL),2200,Duke,-8000,Miami (FL),2200
646,2025-01-14,Missouri,440,Florida,-610,Florida,-610
647,2025-01-14,Texas Tech,-260,Kansas St.,215,Texas Tech,-260
648,2025-01-14,Ohio St.,210,Wisconsin,-260,Ohio St.,210
649,2025-01-14,Air Force,1600,Nevada,-4500,Air Force,1600
650,2025-01-14,New Mexico,-520,San Jose St.,385,San Jose St.,385
651,2025-01-14,Iowa,106,Southern California,-128,Southern California,-128
652,2025-01-14,UCF,190,Arizona St.,-235,Arizona St.,-235
653,2025-01-14,Baylor,195,Arizona,-240,Baylor,195
654,2025-01-14,Colorado St.,300,San Diego St.,-385,Colorado St.,300
655,2025-01-15,Lafayette,-110,Army West Point,-110,Army West Point,-110
656,2025-01-15,Lehigh,152,Boston U.,-188,Lehigh,152
657,2025-01-15,South Carolina,275,Vanderbilt,-350,Vanderbilt,-350
658,2025-01-15,Western Caro.,136,VMI,-168,Western Caro.,136
659,2025-01-15,Charleston So.,420,Winthrop,-600,Charleston So.,420
660,2025-01-15,Davidson,-118,La Salle,-102,La Salle,-102
661,2025-01-15,USC Upstate,570,UNC Asheville,-900,USC Upstate,570
662,2025-01-15,Stanford,270,Wake Forest,-345,Stanford,270
663,2025-01-15,Holy Cross,225,Bucknell,-290,Holy Cross,225
664,2025-01-15,Seton Hall,220,Butler,-275,Seton Hall,220
665,2025-01-15,California,800,North Carolina,-1400,California,800
666,2025-01-15,Wofford,152,Chattanooga,-188,Wofford,152
667,2025-01-15,Northern Ky.,160,Cleveland St.,-200,Northern Ky.,160
668,2025-01-15,Colgate,-172,Navy,140,Colgate,-172
669,2025-01-15,George Mason,270,Dayton,-345,Dayton,-345
670,2025-01-15,Duquesne,184,George Washington,-230,George Washington,-230
671,2025-01-15,,126,Furman,-152,Furman,-152
672,2025-01-15,Massachusetts,-105,Fordham,-115,Fordham,-115
673,2025-01-15,Purdue Fort Wayne,-118,Wright St.,-104,Wright St.,-104
674,2025-01-15,Gardner-Webb,235,Radford,-300,Gardner-Webb,235
675,2025-01-15,IU Indy,370,Oakland,-520,IU Indy,370
676,2025-01-15,Samford,-250,Mercer,198,Mercer,198
677,2025-01-15,Southern Ill.,150,Missouri St.,-182,Southern Ill.,150
678,2025-01-15,NC State,-128,Virginia Tech,106,Virginia Tech,106
679,2025-01-15,Richmond,540,St. Bonaventure,-850,St. Bonaventure,-850
680,2025-01-15,UAB,-128,South Fla.,106,South Fla.,106
681,2025-01-15,The Citadel,980,UNC Greensboro,-2200,The Citadel,980
682,2025-01-15,Kansas,205,Iowa St.,-255,Iowa St.,-255
683,2025-01-15,Fla. Atlantic,-128,Tulane,104,Tulane,104
684,2025-01-15,Penn St.,520,Michigan St.,-750,Michigan St.,-750
685,2025-01-15,Troy,-750,ULM,490,ULM,490
686,2025-01-15,Indiana St.,285,Bradley,-375,Bradley,-375
687,2025-01-15,Georgia,520,Tennessee,-750,Georgia,520
688,2025-01-15,Georgia St.,350,Texas St.,-480,Texas St.,-480
689,2025-01-15,West Virginia,1400,Houston,-4000,Houston,-4000
690,2025-01-15,Murray St.,108,UIC,-132,UIC,-132
691,2025-01-15,Southern Miss.,470,South Alabama,-700,South Alabama,-700
692,2025-01-15,Utah,155,TCU,-188,Utah,155
693,2025-01-15,Cincinnati,-137,Colorado,114,Colorado,114
694,2025-01-15,Omaha,-215,Denver,172,Denver,172
695,2025-01-15,Illinois St.,390,Drake,-530,Illinois St.,390
696,2025-01-15,Pittsburgh,-137,Florida St.,114,Florida St.,114
697,2025-01-15,Rhode Island,168,Loyola Chicago,-205,Loyola Chicago,-205
698,2025-01-15,SMU,-255,Virginia,205,SMU,-255
699,2025-01-15,Purdue,-350,Washington,275,Washington,275
700,2025-01-15,Texas,118,Oklahoma,-142,Oklahoma,-142
701,2025-01-15,Utah St.,-194,UNLV,160,Utah St.,-194
702,2025-01-16,Maine,-450,NJIT,340,Maine,-450
703,2025-01-16,New Hampshire,680,UMBC,-1100,New Hampshire,680
704,2025-01-16,Bryant,-140,UAlbany,116,Bryant,-140
705,2025-01-16,Lipscomb,-2500,Bellarmine,1040,Lipscomb,-2500
706,2025-01-16,Stony Brook,390,Delaware,-550,Stony Brook,390
707,2025-01-16,West Ga.,650,FGCU,-1100,FGCU,-1100
708,2025-01-16,App State,-176,Old Dominion,142,App State,-176
709,2025-01-16,Binghamton,370,Vermont,-520,Binghamton,370
710,2025-01-16,Col. of Charleston,-230,Campbell,188,Campbell,188
711,2025-01-16,Canisius,440,Iona,-650,Canisius,440
712,2025-01-16,Central Ark.,360,North Florida,-500,Central Ark.,360
713,2025-01-16,Ga. Southern,124,Coastal Carolina,-152,Ga. Southern,124
714,2025-01-16,Elon,108,Drexel,-130,Elon,108
715,2025-01-16,Niagara,-112,Fairfield,-108,Fairfield,-108
716,2025-01-16,New Mexico St.,-166,,138,New Mexico St.,-166
717,2025-01-16,William & Mary,-154,Hampton,126,Hampton,126
718,2025-01-16,High Point,-164,Longwood,136,High Point,-164
719,2025-01-16,Hofstra,146,Towson,-178,Hofstra,146
720,2025-01-16,North Ala.,-134,Jacksonville,110,North Ala.,-134
721,2025-01-16,Louisiana Tech,-134,Jacksonville St.,112,Louisiana Tech,-134
722,2025-01-16,Marshall,202,James Madison,-250,Marshall,202
723,2025-01-16,Sam Houston,-105,Kennesaw St.,-115,Kennesaw St.,-115
724,2025-01-16,Marist,-134,Saint Peter's,110,Saint Peter's,110
725,2025-01-16,Memphis,-365,Temple,285,Temple,285
726,2025-01-16,Merrimack,116,Quinnipiac,-142,Quinnipiac,-142
727,2025-01-16,Michigan,-550,Minnesota,400,Michigan,-550
728,2025-01-16,Monmouth,100,N.C. A&T,-122,N.C. A&T,-122
729,2025-01-16,Mount St. Mary's,-142,Rider,116,Rider,116
730,2025-01-16,Northeastern,198,UNCW,-245,UNCW,-245
731,2025-01-16,Queens (NC),-240,Stetson,190,Stetson,190
732,2025-01-16,Sacred Heart,104,Siena,-128,Sacred Heart,104
733,2025-01-16,Western Ill.,225,Morehead St.,-290,Western Ill.,225
734,2025-01-16,Louisiana,1100,Arkansas St.,-2500,Louisiana,1100
735,2025-01-16,Eastern Ky.,-170,Austin Peay,138,Eastern Ky.,-170
736,2025-01-16,California Baptist,-215,Tarleton St.,172,Tarleton St.,172
737,2025-01-16,Portland St.,350,Northern Colo.,-480,Portland St.,350
738,2025-01-16,North Dakota,440,South Dakota St.,-650,North Dakota,440
739,2025-01-16,Kansas City,350,North Dakota St.,-480,North Dakota St.,-480
740,2025-01-16,Sacramento St.,360,Northern Ariz.,-500,Northern Ariz.,-500
741,2025-01-16,Oral Roberts,290,South Dakota,-385,South Dakota,-385
742,2025-01-16,Utah Valley,-120,UT Arlington,100,Utah Valley,-120
743,2025-01-16,Eastern Ill.,210,UT Martin,-265,UT Martin,-265
744,2025-01-16,Lindenwood,104,Southern Ind.,-128,Lindenwood,104
745,2025-01-16,Southeastern Mo. St.,112,Tennessee Tech,-140,Tennessee Tech,-140
746,2025-01-16,SIUE,110,Tennessee St.,-134,SIUE,110
747,2025-01-16,Abilene Christian,740,Grand Canyon,-1250,Abilene Christian,740
748,2025-01-16,Montana St.,110,Idaho St.,-132,Montana St.,110
749,2025-01-16,UTEP,385,Liberty,-520,UTEP,385
750,2025-01-16,Maryland,-114,Northwestern,-105,Northwestern,-105
751,2025-01-16,Montana,110,Weber St.,-132,Weber St.,-132
752,2025-01-16,Rutgers,300,Nebraska,-385,Rutgers,300
753,2025-01-16,Cal St. Fullerton,2000,UC Irvine,-7000,UC Irvine,-7000
754,2025-01-16,UC Davis,140,Cal Poly,-172,Cal Poly,-172
755,2025-01-16,UC San Diego,-1400,Long Beach St.,760,Long Beach St.,760
756,2025-01-16,Santa Clara,-210,LMU (CA),172,Santa Clara,-210
757,2025-01-16,Pacific,100,Portland,-122,Pacific,100
758,2025-01-16,San Francisco,-250,Pepperdine,202,Pepperdine,202
759,2025-01-16,Washington St.,-820,San Diego,550,San Diego,550
760,2025-01-16,Utah Tech,470,Seattle U,-700,Seattle U,-700
761,2025-01-16,UC Riverside,205,UC Santa Barbara,-260,UC Riverside,205
762,2025-01-16,Gonzaga,-450,Oregon St.,340,Oregon St.,340
763,2025-01-16,CSUN,126,Hawaii,-152,Hawaii,-152
764,2025-01-17,Ohio,138,Akron,-170,Akron,-170
765,2025-01-17,Robert Morris,-210,Green Bay,172,Robert Morris,-210
766,2025-01-17,Providence,275,Villanova,-350,Providence,275
767,2025-01-17,VCU,-134,Saint Joseph's,112,Saint Joseph's,112
768,2025-01-17,DePaul,330,Georgetown,-430,Georgetown,-430
769,2025-01-17,Indiana,235,Ohio St.,-295,Ohio St.,-295
770,2025-01-17,Youngstown St.,205,Milwaukee,-255,Youngstown St.,205
771,2025-01-17,Iowa,235,UCLA,-295,Iowa,235
772,2025-01-17,Air Force,128,Fresno St.,-154,Air Force,128
773,2025-01-17,Boise St.,140,New Mexico,-170,Boise St.,140
774,2025-01-18,Alabama,108,Kentucky,-130,Alabama,108
775,2025-01-18,Boston U.,-106,Army West Point,-113,Army West Point,-113
776,2025-01-18,Clemson,122,Pittsburgh,-146,Clemson,122
777,2025-01-18,Creighton,280,UConn,-360,UConn,-360
778,2025-01-18,Georgia Tech,315,Florida St.,-410,Georgia Tech,315
779,2025-01-18,Houston,-1250,UCF,740,UCF,740
780,2025-01-18,Virginia,1060,Louisville,-2300,Virginia,1060
781,2025-01-18,George Washington,360,George Mason,-480,George Washington,360
782,2025-01-18,American,-120,Holy Cross,-102,American,-120
783,2025-01-18,Auburn,-275,Georgia,220,Auburn,-275
784,2025-01-18,Buffalo,300,Western Mich.,-400,Western Mich.,-400
785,2025-01-18,Colgate,-118,Lafayette,-104,Colgate,-118
786,2025-01-18,Oakland,-385,Detroit Mercy,300,Oakland,-385
787,2025-01-18,Kansas St.,860,Kansas,-1600,Kansas,-1600
788,2025-01-18,Maine,110,UMBC,-134,Maine,110
789,2025-01-18,Mercyhurst,160,Wagner,-200,Wagner,-200
790,2025-01-18,VMI,108,The Citadel,-132,VMI,108
791,2025-01-18,UAlbany,-110,Binghamton,-110,UAlbany,-110
792,2025-01-18,Arizona St.,365,Cincinnati,-490,Arizona St.,365
793,2025-01-18,Arizona,150,Texas Tech,-182,Arizona,150
794,2025-01-18,Toledo,100,Ball St.,-122,Toledo,100
795,2025-01-18,Belmont,-250,Evansville,202,Belmont,-250
796,2025-01-18,Eastern Mich.,210,Bowling Green,-265,Eastern Mich.,210
797,2025-01-18,Harvard,172,Brown,-215,Harvard,172
798,2025-01-18,Monmouth,138,Campbell,-170,Monmouth,138
799,2025-01-18,Canisius,310,Fairfield,-420,Canisius,310
800,2025-01-18,Central Mich.,-500,NIU,360,NIU,360
801,2025-01-18,Radford,-172,Charleston So.,140,Radford,-172
802,2025-01-18,Le Moyne,-162,Chicago St.,132,Chicago St.,132
803,2025-01-18,Yale,-375,Columbia,285,Yale,-375
804,2025-01-18,Cornell,-370,Penn,280,Cornell,-370
805,2025-01-18,Princeton,-355,Dartmouth,270,Princeton,-355
806,2025-01-18,Davidson,112,Rhode Island,-134,Davidson,112
807,2025-01-18,Elon,-108,Delaware,-112,Elon,-108
808,2025-01-18,St. Bonaventure,-132,Duquesne,110,St. Bonaventure,-132
809,2025-01-18,Queens (NC),180,FGCU,-225,FGCU,-225
810,2025-01-18,UTEP,-172,,140,,140
811,2025-01-18,Saint Francis,194,LIU,-245,Saint Francis,194
812,2025-01-18,Loyola Maryland,106,Lehigh,-130,Loyola Maryland,106
813,2025-01-18,Niagara,100,Manhattan,-122,Manhattan,-122
814,2025-01-18,Xavier,390,Marquette,-530,Marquette,-530
815,2025-01-18,SMU,-210,Miami (FL),172,Miami (FL),172
816,2025-01-18,North Ala.,-138,North Florida,112,North Ala.,-138
817,2025-01-18,Kansas City,100,North Dakota,-122,North Dakota,-122
818,2025-01-18,Wright St.,110,Northern Ky.,-134,Wright St.,110
819,2025-01-18,Saint Peter's,122,Sacred Heart,-150,Saint Peter's,122
820,2025-01-18,Stony Brook,680,Towson,-1200,Stony Brook,680
821,2025-01-18,Winthrop,-110,UNC Asheville,-110,Winthrop,-110
822,2025-01-18,Wake Forest,-184,Virginia Tech,150,Virginia Tech,150
823,2025-01-18,Stanford,460,North Carolina,-650,Stanford,460
824,2025-01-18,Saint Louis,-300,Richmond,240,Richmond,240
825,2025-01-18,Central Ark.,570,Jacksonville,-900,Central Ark.,570
826,2025-01-18,Colorado,126,Oklahoma St.,-152,Colorado,126
827,2025-01-18,Miami (OH),158,Kent St.,-192,Miami (OH),158
828,2025-01-18,Louisiana,-132,ULM,108,ULM,108
829,2025-01-18,Siena,225,Merrimack,-290,Merrimack,-290
830,2025-01-18,New Hampshire,110,NJIT,-134,New Hampshire,110
831,2025-01-18,North Dakota St.,-188,South Dakota,152,South Dakota,152
832,2025-01-18,Purdue,106,Oregon,-128,Oregon,-128
833,2025-01-18,Tulsa,330,South Fla.,-450,Tulsa,330
834,2025-01-18,UNC Greensboro,-300,Western Caro.,235,Western Caro.,235
835,2025-01-18,Wisconsin,-118,Southern California,-102,Southern California,-102
836,2025-01-18,New Orleans,138,East Texas A&M,-170,New Orleans,138
837,2025-01-18,Georgia St.,920,Arkansas St.,-1800,Arkansas St.,-1800
838,2025-01-18,Marshall,-164,Coastal Carolina,134,Marshall,-164
839,2025-01-18,Ga. Southern,154,Old Dominion,-192,Old Dominion,-192
840,2025-01-18,Lindenwood,210,Morehead St.,-265,Lindenwood,210
841,2025-01-18,Tennessee,-285,Vanderbilt,230,Tennessee,-285
842,2025-01-18,App State,130,James Madison,-156,App State,130
843,2025-01-18,Little Rock,-115,Tennessee Tech,-105,Little Rock,-115
844,2025-01-18,Bradley,-111,Murray St.,-108,Bradley,-111
845,2025-01-18,UMass Lowell,160,Bryant,-200,Bryant,-200
846,2025-01-18,Navy,156,Bucknell,-194,Navy,156
847,2025-01-18,Central Conn. St.,-310,FDU,240,Central Conn. St.,-310
848,2025-01-18,Colorado St.,-215,Wyoming,176,Colorado St.,-215
849,2025-01-18,Loyola Chicago,375,Dayton,-500,Dayton,-500
850,2025-01-18,Texas,440,Florida,-610,Texas,440
851,2025-01-18,USC Upstate,265,Gardner-Webb,-350,Gardner-Webb,-350
852,2025-01-18,Quinnipiac,-168,Mount St. Mary's,136,Mount St. Mary's,136
853,2025-01-18,SFA,172,Nicholls,-215,Nicholls,-215
854,2025-01-18,North Texas,-500,UTSA,375,UTSA,375
855,2025-01-18,Notre Dame,-170,Syracuse,140,Notre Dame,-170
856,2025-01-18,South Carolina,245,Oklahoma,-310,Oklahoma,-310
857,2025-01-18,Troy,140,South Alabama,-170,South Alabama,-170
858,2025-01-18,West Ga.,-110,Stetson,-110,Stetson,-110
859,2025-01-18,UC Davis,290,UC Santa Barbara,-385,UC Santa Barbara,-385
860,2025-01-18,UIC,-120,Valparaiso,-102,UIC,-120
861,2025-01-18,Utah Tech,630,Utah Valley,-1050,Utah Tech,630
862,2025-01-18,Eastern Ill.,198,Tennessee St.,-250,Eastern Ill.,198
863,2025-01-18,UTRGV,-162,Houston Christian,132,UTRGV,-162
864,2025-01-18,Southeastern La.,-102,Northwestern St.,-120,Southeastern La.,-102
865,2025-01-18,SIUE,116,UT Martin,-142,SIUE,116
866,2025-01-18,Western Ill.,158,Southern Ind.,-196,Western Ill.,158
867,2025-01-18,Alabama St.,-210,Alabama A&M,168,Alabama St.,-210
868,2025-01-18,Northeastern,235,Col. of Charleston,-295,Northeastern,235
869,2025-01-18,Chattanooga,172,Furman,-215,Furman,-215
870,2025-01-18,Missouri St.,390,Illinois St.,-550,Illinois St.,-550
871,2025-01-18,Iowa St.,-255,West Virginia,205,West Virginia,205
872,2025-01-18,Sam Houston,116,Jacksonville St.,-142,Jacksonville St.,-142
873,2025-01-18,Louisiana Tech,-150,Kennesaw St.,122,Louisiana Tech,-150
874,2025-01-18,Lamar University,880,McNeese,-1800,McNeese,-1800
875,2025-01-18,Southern Miss.,290,Texas St.,-385,Texas St.,-385
876,2025-01-18,Oral Roberts,880,South Dakota St.,-1800,South Dakota St.,-1800
877,2025-01-18,,3000,Bethune-Cookman,-20000,,3000
878,2025-01-18,Jackson St.,-168,Prairie View,136,Jackson St.,-168
879,2025-01-18,Alcorn,250,Texas Southern,-325,Texas Southern,-325
880,2025-01-18,Arkansas,188,Missouri,-230,Missouri,-230
881,2025-01-18,Ark.-Pine Bluff,198,Florida A&M,-250,Florida A&M,-250
882,2025-01-18,California,190,NC State,-235,California,190
883,2025-01-18,Drake,-295,Indiana St.,235,Indiana St.,235
884,2025-01-18,,202,Samford,-250,Samford,-250
885,2025-01-18,Grambling,330,Southern U.,-430,Grambling,330
886,2025-01-18,A&M-Corpus Christi,-158,,128,,128
887,2025-01-18,Mercer,280,Wofford,-370,Mercer,280
888,2025-01-18,Ole Miss,205,Mississippi St.,-255,Ole Miss,205
889,2025-01-18,San Jose St.,760,Nevada,-1250,San Jose St.,760
890,2025-01-18,Portland,980,Washington St.,-2000,Portland,980
891,2025-01-18,California Baptist,-118,Abilene Christian,-104,Abilene Christian,-104
892,2025-01-18,Austin Peay,790,Lipscomb,-1500,Austin Peay,790
893,2025-01-18,Bellarmine,680,Eastern Ky.,-1200,Bellarmine,680
894,2025-01-18,Cal St. Fullerton,136,Long Beach St.,-168,Cal St. Fullerton,136
895,2025-01-18,East Carolina,146,Wichita St.,-178,Wichita St.,-178
896,2025-01-18,Eastern Wash.,114,Idaho,-140,Idaho,-140
897,2025-01-18,Presbyterian,630,High Point,-1050,High Point,-1050
898,2025-01-18,New Mexico St.,260,Liberty,-330,Liberty,-330
899,2025-01-18,Rider,310,Marist,-420,Rider,310
900,2025-01-18,Western Ky.,158,Middle Tenn.,-192,Western Ky.,158
901,2025-01-18,UNI,-210,Southern Ill.,168,UNI,-210
902,2025-01-18,Duke,-10000,Boston College,2500,Duke,-10000
903,2025-01-18,Denver,1040,St. Thomas (MN),-2500,Denver,1040
904,2025-01-18,Tarleton St.,820,Grand Canyon,-1600,Grand Canyon,-1600
905,2025-01-18,Montana,-114,Idaho St.,-106,Idaho St.,-106
906,2025-01-18,Sacramento St.,920,Northern Colo.,-2000,Sacramento St.,920
907,2025-01-18,Portland St.,128,Northern Ariz.,-158,Portland St.,128
908,2025-01-18,UNLV,420,San Diego St.,-580,San Diego St.,-580
909,2025-01-18,Southern Utah,285,Seattle U,-375,Southern Utah,285
910,2025-01-18,St. John's (NY),-450,Seton Hall,340,Seton Hall,340
911,2025-01-18,UC San Diego,-500,UC Riverside,360,UC Riverside,360
912,2025-01-18,LSU,500,Texas A&M,-720,Texas A&M,-720
913,2025-01-18,BYU,-110,Utah,-110,BYU,-110
914,2025-01-18,Santa Clara,890,Gonzaga,-1700,Santa Clara,890
915,2025-01-18,San Diego,470,LMU (CA),-650,LMU (CA),-650
916,2025-01-18,Montana St.,-112,Weber St.,-108,Montana St.,-112
917,2025-01-18,Cal Poly,980,UC Irvine,-2000,UC Irvine,-2000
918,2025-01-18,Oregon St.,128,San Francisco,-154,Oregon St.,128
919,2025-01-18,Saint Mary's (CA),-1200,Pepperdine,740,Pepperdine,740
920,2025-01-18,CSU Bakersfield,245,Hawaii,-310,Hawaii,-310
921,2025-01-19,Illinois,130,Michigan St.,-156,Illinois,130
922,2025-01-19,Nebraska,330,Maryland,-430,Nebraska,330
923,2025-01-19,Rice,360,Fla. Atlantic,-480,Rice,360
924,2025-01-19,Youngstown St.,-315,Green Bay,250,Green Bay,250
925,2025-01-19,Tulane,172,Temple,-210,Tulane,172
926,2025-01-19,Cleveland St.,-250,IU Indy,202,Cleveland St.,-250
927,2025-01-19,La Salle,112,Massachusetts,-134,La Salle,112
928,2025-01-19,Northwestern,430,Michigan,-600,Michigan,-600
929,2025-01-19,Memphis,-880,Charlotte,580,Memphis,-880
930,2025-01-19,Robert Morris,220,Milwaukee,-275,Robert Morris,220
931,2025-01-19,TCU,640,Baylor,-1000,Baylor,-1000
932,2025-01-20,Saint Francis,112,Wagner,-134,Saint Francis,112
933,2025-01-20,William & Mary,188,UNCW,-225,UNCW,-225
934,2025-01-20,Alcorn,146,Prairie View,-178,Prairie View,-178
935,2025-01-20,Brown,310,Cornell,-400,Brown,310
936,2025-01-20,Columbia,220,Princeton,-275,Princeton,-275
937,2025-01-20,Dartmouth,1000,Yale,-2100,Yale,-2100
938,2025-01-20,Penn,205,Harvard,-255,Penn,205
939,2025-01-20,Mercyhurst,260,LIU,-330,LIU,-330
940,2025-01-20,Lamar University,160,Nicholls,-194,Lamar University,160
941,2025-01-20,New Orleans,300,Northwestern St.,-385,Northwestern St.,-385
942,2025-01-20,Southeastern La.,-285,East Texas A&M,230,East Texas A&M,230
943,2025-01-20,Hofstra,118,Drexel,-142,Drexel,-142
944,2025-01-20,Jackson St.,116,Texas Southern,-140,Texas Southern,-140
945,2025-01-20,SFA,1000,McNeese,-2100,SFA,1000
946,2025-01-20,Fresno St.,1600,New Mexico,-4500,New Mexico,-4500
947,2025-01-20,UTRGV,115,,-138,,-138
948,2025-01-20,Georgetown,285,Villanova,-365,Georgetown,285
949,2025-01-20,Rutgers,240,Penn St.,-300,Rutgers,240
950,2025-01-20,Ark.-Pine Bluff,890,Bethune-Cookman,-1700,Bethune-Cookman,-1700
951,2025-01-20,Bucknell,220,Colgate,-275,Bucknell,220
952,2025-01-20,FDU,-138,Chicago St.,115,Chicago St.,115
953,2025-01-20,,980,Florida A&M,-2000,,980
954,2025-01-20,A&M-Corpus Christi,-225,Houston Christian,184,Houston Christian,184
955,2025-01-20,Stonehill,-122,Le Moyne,102,Le Moyne,102
956,2025-01-20,Eastern Wash.,210,Montana St.,-260,Eastern Wash.,210
957,2025-01-20,Hampton,-142,N.C. A&T,118,N.C. A&T,118
958,2025-01-20,Idaho,155,Montana,-188,Idaho,155
959,2025-01-21,Ohio,-400,Eastern Mich.,310,Eastern Mich.,310
960,2025-01-21,Akron,-1200,Buffalo,720,Buffalo,720
961,2025-01-21,Vanderbilt,550,Alabama,-820,Vanderbilt,550
962,2025-01-21,Ball St.,172,Central Mich.,-215,Ball St.,172
963,2025-01-21,Boston College,285,Virginia,-365,Virginia,-365
964,2025-01-21,Bowling Green,410,Miami (OH),-590,Miami (OH),-590
965,2025-01-21,Butler,580,UConn,-880,Butler,580
966,2025-01-21,Texas Tech,-125,Cincinnati,104,Texas Tech,-125
967,2025-01-21,Saint Joseph's,-122,Davidson,102,Davidson,102
968,2025-01-21,Dayton,-178,Duquesne,146,Duquesne,146
969,2025-01-21,George Mason,138,St. Bonaventure,-166,St. Bonaventure,-166
970,2025-01-21,Kent St.,112,Toledo,-140,Kent St.,112
971,2025-01-21,Mississippi St.,245,Tennessee,-310,Tennessee,-310
972,2025-01-21,NIU,440,Western Mich.,-650,Western Mich.,-650
973,2025-01-21,VCU,-300,Rhode Island,240,VCU,-300
974,2025-01-21,Bradley,-134,Belmont,112,Bradley,-134
975,2025-01-21,Ohio St.,400,Purdue,-550,Ohio St.,400
976,2025-01-21,UTSA,580,UAB,-880,UTSA,580
977,2025-01-21,East Carolina,-172,Tulsa,142,Tulsa,142
978,2025-01-21,Indiana St.,270,Illinois St.,-355,Illinois St.,-355
979,2025-01-21,UCF,920,Iowa St.,-1800,UCF,920
980,2025-01-21,Marquette,-820,Seton Hall,550,Marquette,-820
981,2025-01-21,Missouri St.,450,UNI,-630,Missouri St.,450
982,2025-01-21,UT Martin,112,Tennessee St.,-138,Tennessee St.,-138
983,2025-01-21,Arizona St.,255,West Virginia,-320,West Virginia,-320
984,2025-01-21,Arizona,-480,Oklahoma St.,365,Oklahoma St.,365
985,2025-01-21,Creighton,-275,DePaul,220,DePaul,220
986,2025-01-21,Minnesota,365,Iowa,-490,Minnesota,365
987,2025-01-21,Louisville,100,SMU,-120,SMU,-120
988,2025-01-21,Missouri,114,Texas,-137,Texas,-137
989,2025-01-21,North Carolina,-106,Wake Forest,-113,North Carolina,-106
990,2025-01-21,Wisconsin,128,UCLA,-154,Wisconsin,128
991,2025-01-21,BYU,-194,Colorado,160,BYU,-194
992,2025-01-21,Washington,640,Oregon,-1000,Oregon,-1000
993,2025-01-21,Wyoming,330,UNLV,-430,UNLV,-430
994,2025-01-22,Boston U.,-104,Navy,-118,Boston U.,-104
995,2025-01-22,Army West Point,-111,Holy Cross,-108,Army West Point,-111
996,2025-01-22,Furman,-355,VMI,270,Furman,-355
997,2025-01-22,Utah,1600,Houston,-4500,Utah,1600
998,2025-01-22,Robert Morris,122,Youngstown St.,-150,Robert Morris,122
999,2025-01-22,Lehigh,210,American,-265,American,-265
1000,2025-01-22,South Fla.,-120,Charlotte,100,South Fla.,-120
1001,2025-01-22,Syracuse,920,Clemson,-1700,Syracuse,920
1002,2025-01-22,Detroit Mercy,650,Cleveland St.,-1200,Cleveland St.,-1200
1003,2025-01-22,Coastal Carolina,186,Ga. Southern,-235,Ga. Southern,-235
1004,2025-01-22,Western Caro.,790,,-1500,Western Caro.,790
1005,2025-01-22,Florida,-610,South Carolina,440,South Carolina,440
1006,2025-01-22,Purdue Fort Wayne,-105,Oakland,-115,Purdue Fort Wayne,-105
1007,2025-01-22,George Washington,-104,Massachusetts,-115,Massachusetts,-115
1008,2025-01-22,UNC Asheville,-110,Gardner-Webb,-110,UNC Asheville,-110
1009,2025-01-22,Virginia Tech,180,Georgia Tech,-220,Virginia Tech,180
1010,2025-01-22,IU Indy,-120,Green Bay,-102,IU Indy,-120
1011,2025-01-22,High Point,-1250,USC Upstate,710,USC Upstate,710
1012,2025-01-22,Indiana,180,Northwestern,-220,Indiana,180
1013,2025-01-22,James Madison,-215,Old Dominion,172,Old Dominion,172
1014,2025-01-22,Kansas,-255,TCU,205,TCU,205
1015,2025-01-22,Lafayette,106,Loyola Maryland,-130,Loyola Maryland,-130
1016,2025-01-22,Longwood,116,Radford,-142,Radford,-142
1017,2025-01-22,Mercer,320,UNC Greensboro,-430,Mercer,320
1018,2025-01-22,Milwaukee,106,Wright St.,-128,Milwaukee,106
1019,2025-01-22,Murray St.,-113,Southern Ill.,-106,Southern Ill.,-106
1020,2025-01-22,Xavier,270,St. John's (NY),-345,Xavier,270
1021,2025-01-22,The Citadel,920,Wofford,-2000,The Citadel,920
1022,2025-01-22,Charleston So.,126,Presbyterian,-154,Charleston So.,126
1023,2025-01-22,Valparaiso,920,Drake,-1800,Drake,-1800
1024,2025-01-22,Boise St.,-105,Colorado St.,-114,Boise St.,-105
1025,2025-01-22,UIC,-240,Evansville,190,Evansville,190
1026,2025-01-22,Fordham,390,Loyola Chicago,-530,Loyola Chicago,-530
1027,2025-01-22,La Salle,390,Saint Louis,-530,Saint Louis,-530
1028,2025-01-22,Temple,340,North Texas,-450,North Texas,-450
1029,2025-01-22,Georgia,-102,Arkansas,-115,Arkansas,-115
1030,2025-01-22,Kansas St.,580,Baylor,-880,Baylor,-880
1031,2025-01-22,Florida St.,-111,California,-108,Florida St.,-111
1032,2025-01-22,Southern California,188,Nebraska,-230,Southern California,188
1033,2025-01-22,Nevada,215,Utah St.,-265,Utah St.,-265
1034,2025-01-22,Texas A&M,136,Ole Miss,-164,Ole Miss,-164
1035,2025-01-22,San Diego St.,-1100,Air Force,680,Air Force,680
1036,2025-01-22,Miami (FL),440,Stanford,-610,Miami (FL),440
1037,2025-01-23,Coastal Carolina,202,Ga. Southern,-250,Coastal Carolina,202
1038,2025-01-23,Texas St.,-230,Louisiana,188,Texas St.,-230
1039,2025-01-23,Hampton,235,William & Mary,-295,William & Mary,-295
1040,2025-01-23,Maine,128,UMass Lowell,-154,Maine,128
1041,2025-01-23,UMBC,112,UAlbany,-140,UAlbany,-140
1042,2025-01-23,FGCU,-600,Bellarmine,420,FGCU,-600
1043,2025-01-23,Marist,-172,Niagara,138,Marist,-172
1044,2025-01-23,Bryant,-2000,New Hampshire,920,Bryant,-2000
1045,2025-01-23,Campbell,-158,Stony Brook,128,Campbell,-158
1046,2025-01-23,Sacred Heart,-250,Canisius,198,Canisius,198
1047,2025-01-23,UNCW,122,Col. of Charleston,-146,Col. of Charleston,-146
1048,2025-01-23,Samford,-111,Chattanooga,-108,Samford,-111
1049,2025-01-23,Delaware,138,Hofstra,-170,Delaware,138
1050,2025-01-23,Drexel,112,Northeastern,-134,Northeastern,-134
1051,2025-01-23,Stetson,520,Eastern Ky.,-800,Stetson,520
1052,2025-01-23,Monmouth,390,Elon,-550,Monmouth,390
1053,2025-01-23,Fairfield,164,Manhattan,-205,Manhattan,-205
1054,2025-01-23,Marshall,-192,Georgia St.,158,Marshall,-192
1055,2025-01-23,Iona,-120,Rider,-102,Iona,-120
1056,2025-01-23,Jacksonville,-355,West Ga.,270,West Ga.,270
1057,2025-01-23,Lipscomb,-168,North Ala.,136,Lipscomb,-168
1058,2025-01-23,Western Ky.,202,Louisiana Tech,-250,Louisiana Tech,-250
1059,2025-01-23,Wichita St.,610,Memphis,-950,Memphis,-950
1060,2025-01-23,Merrimack,-120,Saint Peter's,-102,Merrimack,-120
1061,2025-01-23,Mount St. Mary's,152,Siena,-188,Mount St. Mary's,152
1062,2025-01-23,NJIT,920,Vermont,-2000,NJIT,920
1063,2025-01-23,N.C. A&T,630,Towson,-1050,Towson,-1050
1064,2025-01-23,North Florida,138,Queens (NC),-170,North Florida,138
1065,2025-01-23,Southern Miss.,570,Troy,-850,Southern Miss.,570
1066,2025-01-23,Austin Peay,-128,Central Ark.,104,Austin Peay,-128
1067,2025-01-23,Middle Tenn.,-122,Sam Houston,100,Sam Houston,100
1068,2025-01-23,Tarleton St.,184,Abilene Christian,-230,Tarleton St.,184
1069,2025-01-23,Denver,190,Oral Roberts,-240,Denver,190
1070,2025-01-23,South Dakota,122,North Dakota,-150,North Dakota,-150
1071,2025-01-23,St. Thomas (MN),-148,Omaha,120,St. Thomas (MN),-148
1072,2025-01-23,Seattle U,-140,UT Arlington,114,UT Arlington,114
1073,2025-01-23,South Dakota St.,-245,Kansas City,194,South Dakota St.,-245
1074,2025-01-23,Little Rock,-235,Western Ill.,186,Western Ill.,186
1075,2025-01-23,Grand Canyon,-420,Southern Utah,310,Southern Utah,310
1076,2025-01-23,Southeastern Mo. St.,-142,Lindenwood,116,Lindenwood,116
1077,2025-01-23,Southern Ind.,210,SIUE,-265,SIUE,-265
1078,2025-01-23,Tennessee Tech,164,Tennessee St.,-205,Tennessee St.,-205
1079,2025-01-23,App State,225,Arkansas St.,-280,App State,225
1080,2025-01-23,Morehead St.,-178,Eastern Ill.,144,Morehead St.,-178
1081,2025-01-23,Northern Ariz.,144,Eastern Wash.,-178,Northern Ariz.,144
1082,2025-01-23,Hawaii,-130,UC Davis,106,UC Davis,106
1083,2025-01-23,Northern Colo.,-205,Idaho,164,Idaho,164
1084,2025-01-23,Maryland,330,Illinois,-430,Illinois,-430
1085,2025-01-23,Jacksonville St.,188,UTEP,-230,UTEP,-230
1086,2025-01-23,Kennesaw St.,255,New Mexico St.,-320,Kennesaw St.,255
1087,2025-01-23,San Francisco,450,Saint Mary's (CA),-630,San Francisco,450
1088,2025-01-23,Pepperdine,760,Oregon St.,-1300,Pepperdine,760
1089,2025-01-23,CSU Bakersfield,-220,Cal St. Fullerton,176,Cal St. Fullerton,176
1090,2025-01-23,Long Beach St.,730,CSUN,-1300,Long Beach St.,730
1091,2025-01-23,Idaho St.,-245,Sacramento St.,194,Idaho St.,-245
1092,2025-01-23,LMU (CA),-300,Pacific,240,Pacific,240
1093,2025-01-23,San Diego,112,Portland,-138,San Diego,112
1094,2025-01-23,Weber St.,184,Portland St.,-225,Weber St.,184
1095,2025-01-23,UC Irvine,-310,UC Riverside,245,UC Riverside,245
1096,2025-01-23,UC Santa Barbara,490,UC San Diego,-710,UC Santa Barbara,490
1097,2025-01-23,Utah Valley,112,California Baptist,-134,Utah Valley,112
1098,2025-01-23,Washington St.,152,Santa Clara,-184,Washington St.,152
1099,2025-01-24,Toledo,-140,Bowling Green,116,Toledo,-140
1100,2025-01-24,Central Conn. St.,-260,Le Moyne,210,Le Moyne,210
1101,2025-01-24,Chicago St.,420,Stonehill,-580,Stonehill,-580
1102,2025-01-24,Kent St.,-110,Ohio,-110,Ohio,-110
1103,2025-01-24,LIU,-113,Saint Francis,-106,LIU,-113
1104,2025-01-24,Villanova,365,Marquette,-490,Villanova,365
1105,2025-01-24,Wagner,-108,Mercyhurst,-111,Mercyhurst,-111
1106,2025-01-24,Milwaukee,-146,Northern Ky.,122,Northern Ky.,122
1107,2025-01-24,Saint Joseph's,198,Dayton,-245,Dayton,-245
1108,2025-01-24,Michigan,150,Purdue,-182,Michigan,150
1109,2025-01-24,Penn St.,118,Iowa,-142,Iowa,-142
1110,2025-01-24,St. Bonaventure,530,VCU,-780,VCU,-780
1111,2025-01-24,UCLA,-225,Washington,184,Washington,184
1112,2025-01-25,Campbell,198,Hofstra,-245,Campbell,198
1113,2025-01-25,SMU,-140,NC State,116,SMU,-140
1114,2025-01-25,N.C. A&T,-105,Stony Brook,-114,N.C. A&T,-105
1115,2025-01-25,Georgetown,112,Providence,-134,Providence,-134
1116,2025-01-25,Howard,400,Norfolk St.,-550,Howard,400
1117,2025-01-25,Pittsburgh,-315,Syracuse,250,Pittsburgh,-315
1118,2025-01-25,Pittsburgh,-315,Syracuse,250,Syracuse,250
1119,2025-01-25,Bucknell,-105,Boston U.,-114,Bucknell,-105
1120,2025-01-25,Marist,-420,Canisius,310,Canisius,310
1121,2025-01-25,Detroit Mercy,720,Wright St.,-1200,Detroit Mercy,720
1122,2025-01-25,South Fla.,184,East Carolina,-225,East Carolina,-225
1123,2025-01-25,UNI,-170,Indiana St.,140,Indiana St.,140
1124,2025-01-25,Siena,152,Iona,-184,Iona,-184
1125,2025-01-25,Jacksonville,-105,Queens (NC),-115,Jacksonville,-105
1126,2025-01-25,Mississippi St.,-285,South Carolina,230,South Carolina,230
1127,2025-01-25,Western Caro.,104,The Citadel,-128,Western Caro.,104
1128,2025-01-25,UMBC,198,Vermont,-245,Vermont,-245
1129,2025-01-25,UNC Greensboro,-370,VMI,280,UNC Greensboro,-370
1130,2025-01-25,Seton Hall,980,Creighton,-2000,Seton Hall,980
1131,2025-01-25,Michigan St.,-245,Rutgers,198,Rutgers,198
1132,2025-01-25,Miami (OH),240,Akron,-300,Akron,-300
1133,2025-01-25,Iowa St.,-520,Arizona St.,385,Arizona St.,385
1134,2025-01-25,Binghamton,730,Bryant,-1300,Bryant,-1300
1135,2025-01-25,Illinois St.,330,Bradley,-430,Bradley,-430
1136,2025-01-25,Dartmouth,180,Brown,-225,Dartmouth,180
1137,2025-01-25,Buffalo,198,Eastern Mich.,-250,Buffalo,198
1138,2025-01-25,Lipscomb,-800,Central Ark.,490,Lipscomb,-800
1139,2025-01-25,Columbia,-215,Penn,172,Columbia,-215
1140,2025-01-25,Cornell,162,Princeton,-196,Cornell,162
1141,2025-01-25,Delaware,205,Drexel,-260,Drexel,-260
1142,2025-01-25,Purdue Fort Wayne,-430,IU Indy,320,Purdue Fort Wayne,-430
1143,2025-01-25,Saint Louis,-114,George Washington,-105,George Washington,-105
1144,2025-01-25,Harvard,740,Yale,-1250,Harvard,740
1145,2025-01-25,Winthrop,360,High Point,-480,High Point,-480
1146,2025-01-25,Holy Cross,102,Loyola Maryland,-124,Loyola Maryland,-124
1147,2025-01-25,Rhode Island,-115,La Salle,-104,La Salle,-104
1148,2025-01-25,Monmouth,290,William & Mary,-385,Monmouth,290
1149,2025-01-25,New Hampshire,880,UMass Lowell,-1800,UMass Lowell,-1800
1150,2025-01-25,Sacred Heart,106,Niagara,-130,Niagara,-130
1151,2025-01-25,North Florida,-350,West Ga.,265,West Ga.,265
1152,2025-01-25,Oakland,100,Robert Morris,-122,Robert Morris,-122
1153,2025-01-25,Rider,410,Quinnipiac,-590,Quinnipiac,-590
1154,2025-01-25,Boston College,1400,North Carolina,-4000,North Carolina,-4000
1155,2025-01-25,Kentucky,-140,Vanderbilt,116,Kentucky,-140
1156,2025-01-25,Tulane,-104,Rice,-115,Rice,-115
1157,2025-01-25,Texas A&M,-106,Texas,-113,Texas A&M,-106
1158,2025-01-25,App State,-800,ULM,520,App State,-800
1159,2025-01-25,Colorado,920,Arizona,-1800,Arizona,-1800
1160,2025-01-25,Texas St.,250,Arkansas St.,-340,Texas St.,250
1161,2025-01-25,Stetson,-105,Bellarmine,-115,Bellarmine,-115
1162,2025-01-25,Green Bay,820,Cleveland St.,-1600,Green Bay,820
1163,2025-01-25,Marshall,-152,Ga. Southern,126,Ga. Southern,126
1164,2025-01-25,Northern Ariz.,100,Idaho,-122,Idaho,-122
1165,2025-01-25,USC Upstate,470,Longwood,-700,Longwood,-700
1166,2025-01-25,New Mexico,-152,UNLV,126,New Mexico,-152
1167,2025-01-25,Southern Ill.,235,UIC,-295,UIC,-295
1168,2025-01-25,UNC Asheville,-170,Charleston So.,138,Charleston So.,138
1169,2025-01-25,Georgia,420,Florida,-580,Georgia,420
1170,2025-01-25,Western Ky.,125,Sam Houston,-150,Western Ky.,125
1171,2025-01-25,UT Arlington,100,Abilene Christian,-120,Abilene Christian,-120
1172,2025-01-25,Utah St.,-1600,Air Force,860,Utah St.,-1600
1173,2025-01-25,Prairie View,240,Alabama St.,-310,Alabama St.,-310
1174,2025-01-25,NJIT,470,UAlbany,-700,UAlbany,-700
1175,2025-01-25,Florida A&M,186,Alcorn,-235,Florida A&M,186
1176,2025-01-25,Colgate,-138,American,112,American,112
1177,2025-01-25,Belmont,142,Murray St.,-172,Murray St.,-172
1178,2025-01-25,Bethune-Cookman,100,Jackson St.,-122,Bethune-Cookman,100
1179,2025-01-25,DePaul,188,Butler,-230,DePaul,188
1180,2025-01-25,Chattanooga,172,,-210,,-210
1181,2025-01-25,Coppin St.,270,Morgan St.,-355,Coppin St.,270
1182,2025-01-25,Delaware St.,-225,UMES,184,UMES,184
1183,2025-01-25,Drake,-410,Missouri St.,315,Missouri St.,315
1184,2025-01-25,FGCU,-128,Eastern Ky.,104,FGCU,-128
1185,2025-01-25,Evansville,240,Valparaiso,-300,Evansville,240
1186,2025-01-25,James Madison,-420,Georgia St.,310,Georgia St.,310
1187,2025-01-25,Manhattan,118,Mount St. Mary's,-144,Manhattan,118
1188,2025-01-25,Oregon,-176,Minnesota,146,Minnesota,146
1189,2025-01-25,South Carolina St.,100,N.C. Central,-122,N.C. Central,-122
1190,2025-01-25,Weber St.,-180,Sacramento St.,146,Sacramento St.,146
1191,2025-01-25,TCU,152,UCF,-184,TCU,152
1192,2025-01-25,Temple,-137,UTSA,114,Temple,-137
1193,2025-01-25,Little Rock,-134,Lindenwood,110,Lindenwood,110
1194,2025-01-25,Ball St.,-300,NIU,235,NIU,235
1195,2025-01-25,Baylor,-134,Utah,112,Baylor,-134
1196,2025-01-25,Duke,-720,Wake Forest,500,Wake Forest,500
1197,2025-01-25,Southern Ind.,-112,Eastern Ill.,-108,Eastern Ill.,-108
1198,2025-01-25,Furman,-144,Mercer,118,Furman,-144
1199,2025-01-25,,168,Southeastern La.,-210,Southeastern La.,-210
1200,2025-01-25,Morehead St.,130,SIUE,-162,SIUE,-162
1201,2025-01-25,Nicholls,184,A&M-Corpus Christi,-230,A&M-Corpus Christi,-230
1202,2025-01-25,Radford,-152,Presbyterian,124,Presbyterian,124
1203,2025-01-25,Southeastern Mo. St.,-168,Western Ill.,136,Western Ill.,136
1204,2025-01-25,Tennessee Tech,186,UT Martin,-235,Tennessee Tech,186
1205,2025-01-25,Texas Southern,-250,Alabama A&M,198,Texas Southern,-250
1206,2025-01-25,Long Beach St.,260,Cal Poly,-340,Long Beach St.,260
1207,2025-01-25,Clemson,-420,Virginia Tech,320,Virginia Tech,320
1208,2025-01-25,Northern Colo.,-260,Eastern Wash.,205,Eastern Wash.,205
1209,2025-01-25,Idaho St.,110,Portland St.,-134,Portland St.,-134
1210,2025-01-25,McNeese,-500,UTRGV,360,UTRGV,360
1211,2025-01-25,Davidson,-178,Richmond,146,Richmond,146
1212,2025-01-25,Liberty,-420,,310,,310
1213,2025-01-25,Houston Christian,-162,New Orleans,132,Houston Christian,-162
1214,2025-01-25,West Virginia,-102,Kansas St.,-118,Kansas St.,-118
1215,2025-01-25,Ole Miss,126,Missouri,-152,Missouri,-152
1216,2025-01-25,Northwestern St.,152,SFA,-188,Northwestern St.,152
1217,2025-01-25,Santa Clara,126,Oregon St.,-152,Santa Clara,126
1218,2025-01-25,Wofford,240,Samford,-310,Wofford,240
1219,2025-01-25,South Alabama,136,Troy,-168,Troy,-168
1220,2025-01-25,South Dakota,550,South Dakota St.,-820,South Dakota St.,-820
1221,2025-01-25,Southern U.,-1050,Ark.-Pine Bluff,630,Southern U.,-1050
1222,2025-01-25,Houston,-122,Kansas,102,Kansas,102
1223,2025-01-25,Middle Tenn.,140,Louisiana Tech,-170,Louisiana Tech,-170
1224,2025-01-25,Notre Dame,-128,Virginia,106,Notre Dame,-128
1225,2025-01-25,Austin Peay,630,North Ala.,-1050,Austin Peay,630
1226,2025-01-25,Western Mich.,194,Central Mich.,-245,Central Mich.,-245
1227,2025-01-25,Col. of Charleston,136,Elon,-164,Elon,-164
1228,2025-01-25,Coastal Carolina,160,Old Dominion,-200,Old Dominion,-200
1229,2025-01-25,Colorado St.,-750,Fresno St.,520,Colorado St.,-750
1230,2025-01-25,Merrimack,-188,Fairfield,152,Fairfield,152
1231,2025-01-25,Florida St.,164,Stanford,-200,Stanford,-200
1232,2025-01-25,Grambling,-4500,,1300,Grambling,-4500
1233,2025-01-25,Hampton,490,UNCW,-750,UNCW,-750
1234,2025-01-25,Lafayette,-124,Lehigh,102,Lehigh,102
1235,2025-01-25,East Texas A&M,365,Lamar University,-490,East Texas A&M,365
1236,2025-01-25,Wyoming,126,San Jose St.,-154,Wyoming,126
1237,2025-01-25,Gonzaga,-10000,Portland,2500,Gonzaga,-10000
1238,2025-01-25,Southern Miss.,-138,Louisiana,112,Southern Miss.,-138
1239,2025-01-25,Omaha,-172,Oral Roberts,140,Oral Roberts,140
1240,2025-01-25,Saint Mary's (CA),-245,Washington St.,198,Saint Mary's (CA),-245
1241,2025-01-25,St. Thomas (MN),-170,Kansas City,138,Kansas City,138
1242,2025-01-25,UConn,105,Xavier,-126,UConn,105
1243,2025-01-25,LSU,1200,Alabama,-3000,Alabama,-3000
1244,2025-01-25,Oklahoma,138,Arkansas,-166,Oklahoma,138
1245,2025-01-25,Tennessee,195,Auburn,-240,Auburn,-240
1246,2025-01-25,California Baptist,-188,Southern Utah,152,Southern Utah,152
1247,2025-01-25,Miami (FL),400,California,-550,Miami (FL),400
1248,2025-01-25,UC Santa Barbara,-350,Cal St. Fullerton,275,UC Santa Barbara,-350
1249,2025-01-25,Grand Canyon,-1250,Utah Tech,710,Grand Canyon,-1250
1250,2025-01-25,Jacksonville St.,138,New Mexico St.,-166,Jacksonville St.,138
1251,2025-01-25,Kennesaw St.,172,UTEP,-215,UTEP,-215
1252,2025-01-25,Montana St.,116,Montana,-138,Montana St.,116
1253,2025-01-25,UC Riverside,-110,CSU Bakersfield,-110,CSU Bakersfield,-110
1254,2025-01-25,CSUN,470,UC San Diego,-700,CSUN,470
1255,2025-01-25,Hawaii,480,UC Irvine,-690,Hawaii,480
1256,2025-01-25,San Diego St.,132,Nevada,-160,Nevada,-160
1257,2025-01-25,Pacific,255,Pepperdine,-320,Pacific,255
1258,2025-01-25,San Diego,920,San Francisco,-1800,San Diego,920
1259,2025-01-25,Utah Valley,142,Seattle U,-176,Utah Valley,142
1260,2025-01-25,Cincinnati,220,BYU,-275,Cincinnati,220
1261,2025-01-26,Duquesne,-140,Fordham,116,Duquesne,-140
1262,2025-01-26,Maryland,-154,Indiana,128,Maryland,-154
1263,2025-01-26,Chicago St.,1160,Central Conn. St.,-2800,Chicago St.,1160
1264,2025-01-26,LIU,-138,Mercyhurst,115,LIU,-138
1265,2025-01-26,UAB,290,Memphis,-375,Memphis,-375
1266,2025-01-26,Nebraska,270,Wisconsin,-345,Wisconsin,-345
1267,2025-01-26,FDU,138,Stonehill,-166,FDU,138
1268,2025-01-26,Fla. Atlantic,310,North Texas,-400,Fla. Atlantic,310
1269,2025-01-26,Wagner,116,Saint Francis,-140,Saint Francis,-140
1270,2025-01-26,Northwestern,290,Illinois,-375,Northwestern,290
1271,2025-01-26,Oklahoma St.,1280,Texas Tech,-3500,Texas Tech,-3500
1272,2025-01-26,Wichita St.,-220,Tulsa,180,Tulsa,180
1273,2025-01-26,Navy,116,Army West Point,-140,Navy,116
1274,2025-01-27,Eastern Ill.,550,Little Rock,-820,Little Rock,-820
1275,2025-01-27,Bethune-Cookman,-137,Alcorn,114,Alcorn,114
1276,2025-01-27,Southern Miss.,490,Troy,-710,Troy,-710
1277,2025-01-27,Penn St.,340,Michigan,-450,Michigan,-450
1278,2025-01-27,Grambling,-250,Ark.-Pine Bluff,202,Grambling,-250
1279,2025-01-27,Holy Cross,142,Boston U.,-172,Boston U.,-172
1280,2025-01-27,Houston Christian,230,Southeastern La.,-285,Southeastern La.,-285
1281,2025-01-27,Nicholls,104,UTRGV,-125,Nicholls,104
1282,2025-01-27,South Alabama,-1200,ULM,680,ULM,680
1283,2025-01-27,Florida A&M,365,Jackson St.,-490,Florida A&M,365
1284,2025-01-27,,-172,New Orleans,142,New Orleans,142
1285,2025-01-27,Iowa,280,Ohio St.,-360,Ohio St.,-360
1286,2025-01-27,Northwestern St.,140,Lamar University,-170,Northwestern St.,140
1287,2025-01-27,McNeese,-275,A&M-Corpus Christi,220,McNeese,-275
1288,2025-01-27,Prairie View,-110,Alabama A&M,-110,Prairie View,-110
1289,2025-01-27,Texas Southern,122,Alabama St.,-146,Alabama St.,-146
1290,2025-01-27,NC State,2000,Duke,-7000,Duke,-7000
1291,2025-01-27,Southern U.,-7000,,2000,,2000
1292,2025-01-27,East Texas A&M,340,SFA,-450,East Texas A&M,340
1293,2025-01-27,Towson,100,Northeastern,-120,Towson,100
1294,2025-01-27,UCLA,-115,Southern California,-105,Southern California,-105
1295,2025-01-27,Iowa St.,-106,Arizona,-113,Iowa St.,-106
1296,2025-01-28,St. John's (NY),-210,Georgetown,172,St. John's (NY),-210
1297,2025-01-28,Akron,-2000,NIU,980,Akron,-2000
1298,2025-01-28,Western Mich.,176,Ball St.,-215,Western Mich.,176
1299,2025-01-28,Bowling Green,610,Kent St.,-950,Bowling Green,610
1300,2025-01-28,Central Mich.,-330,Buffalo,260,Central Mich.,-330
1301,2025-01-28,Eastern Mich.,430,Miami (OH),-600,Miami (OH),-600
1302,2025-01-28,South Carolina,285,Georgia,-365,South Carolina,285
1303,2025-01-28,Kentucky,340,Tennessee,-450,Tennessee,-450
1304,2025-01-28,Wake Forest,280,Louisville,-360,Louisville,-360
1305,2025-01-28,Toledo,128,Ohio,-154,Toledo,128
1306,2025-01-28,Providence,-166,Seton Hall,138,Providence,-166
1307,2025-01-28,Rice,190,South Fla.,-235,South Fla.,-235
1308,2025-01-28,Southern Ind.,250,Morehead St.,-315,Morehead St.,-315
1309,2025-01-28,Dayton,-130,St. Bonaventure,108,St. Bonaventure,108
1310,2025-01-28,UCF,660,Kansas,-1050,UCF,660
1311,2025-01-28,Minnesota,720,Michigan St.,-1200,Michigan St.,-1200
1312,2025-01-28,VCU,-260,Saint Louis,210,VCU,-260
1313,2025-01-28,Southern Ill.,-126,Valparaiso,105,Southern Ill.,-126
1314,2025-01-28,Marquette,-285,Butler,230,Butler,230
1315,2025-01-28,Fresno St.,285,Wyoming,-365,Wyoming,-365
1316,2025-01-28,Air Force,1160,Colorado St.,-2800,Air Force,1160
1317,2025-01-28,Arizona St.,105,Colorado,-126,Arizona St.,105
1318,2025-01-28,Baylor,136,BYU,-164,BYU,-164
1319,2025-01-28,Georgia Tech,300,Notre Dame,-385,Georgia Tech,300
1320,2025-01-28,North Carolina,146,Pittsburgh,-176,Pittsburgh,-176
1321,2025-01-28,Oklahoma,300,Texas A&M,-385,Texas A&M,-385
1322,2025-01-28,Cincinnati,-105,Utah,-114,Utah,-114
1323,2025-01-28,Oregon St.,680,Gonzaga,-1100,Gonzaga,-1100
1324,2025-01-28,San Jose St.,890,San Diego St.,-1700,San Jose St.,890
1325,2025-01-29,Colgate,-192,Army West Point,158,Army West Point,158
1326,2025-01-29,Charleston So.,-142,USC Upstate,116,USC Upstate,116
1327,2025-01-29,Samford,-108,Furman,-111,Samford,-108
1328,2025-01-29,Old Dominion,490,App State,-750,App State,-750
1329,2025-01-29,Presbyterian,250,Winthrop,-325,Winthrop,-325
1330,2025-01-29,Radford,118,UNC Asheville,-144,Radford,118
1331,2025-01-29,American,-108,Lafayette,-112,American,-108
1332,2025-01-29,Auburn,-900,LSU,590,Auburn,-900
1333,2025-01-29,Loyola Maryland,164,Bucknell,-205,Bucknell,-205
1334,2025-01-29,Charlotte,360,Temple,-480,Temple,-480
1335,2025-01-29,Chattanooga,-620,Western Caro.,430,Chattanooga,-620
1336,2025-01-29,UNI,280,Drake,-360,UNI,280
1337,2025-01-29,Duquesne,340,Saint Joseph's,-450,Saint Joseph's,-450
1338,2025-01-29,,100,UNC Greensboro,-120,,100
1339,2025-01-29,UTSA,360,Fla. Atlantic,-480,Fla. Atlantic,-480
1340,2025-01-29,FGCU,122,Jacksonville,-150,FGCU,122
1341,2025-01-29,Virginia Tech,400,Florida St.,-550,Virginia Tech,400
1342,2025-01-29,Fordham,180,La Salle,-220,Fordham,180
1343,2025-01-29,Richmond,285,George Washington,-365,George Washington,-365
1344,2025-01-29,Longwood,-130,Gardner-Webb,106,Gardner-Webb,106
1345,2025-01-29,Loyola Chicago,280,George Mason,-360,George Mason,-360
1346,2025-01-29,Houston,-360,West Virginia,280,West Virginia,280
1347,2025-01-29,Missouri St.,160,Indiana St.,-194,Missouri St.,160
1348,2025-01-29,Navy,-102,Lehigh,-120,Navy,-102
1349,2025-01-29,Wisconsin,176,Maryland,-215,Maryland,-215
1350,2025-01-29,Massachusetts,158,Rhode Island,-192,Rhode Island,-192
1351,2025-01-29,The Citadel,470,Mercer,-700,The Citadel,470
1352,2025-01-29,Virginia,-108,Miami (FL),-111,Miami (FL),-111
1353,2025-01-29,North Ala.,-150,Queens (NC),122,North Ala.,-150
1354,2025-01-29,Stetson,390,North Florida,-550,Stetson,390
1355,2025-01-29,TCU,810,Texas Tech,-1450,TCU,810
1356,2025-01-29,VMI,520,Wofford,-800,VMI,520
1357,2025-01-29,West Ga.,152,Central Ark.,-188,West Ga.,152
1358,2025-01-29,North Texas,-200,Wichita St.,162,North Texas,-200
1359,2025-01-29,Arkansas St.,-410,Southern Miss.,315,Arkansas St.,-410
1360,2025-01-29,UIC,310,Bradley,-420,UIC,310
1361,2025-01-29,Xavier,198,Creighton,-245,Xavier,198
1362,2025-01-29,DePaul,890,UConn,-1700,UConn,-1700
1363,2025-01-29,Murray St.,-215,Evansville,176,Evansville,176
1364,2025-01-29,Oklahoma St.,225,Kansas St.,-280,Kansas St.,-280
1365,2025-01-29,Omaha,-115,South Dakota,-105,Omaha,-115
1366,2025-01-29,Oral Roberts,680,St. Thomas (MN),-1200,Oral Roberts,680
1367,2025-01-29,UAB,-350,Tulsa,275,Tulsa,275
1368,2025-01-29,Alabama,-110,Mississippi St.,-110,Mississippi St.,-110
1369,2025-01-29,Belmont,128,Illinois St.,-154,Illinois St.,-154
1370,2025-01-29,California,470,SMU,-670,California,470
1371,2025-01-29,Rutgers,220,Northwestern,-275,Northwestern,-275
1372,2025-01-29,Texas,180,Ole Miss,-220,Ole Miss,-220
1373,2025-01-29,Saint Mary's (CA),-196,Santa Clara,162,Santa Clara,162
1374,2025-01-29,Nevada,255,Boise St.,-320,Boise St.,-320
1375,2025-01-29,UNLV,470,Utah St.,-670,Utah St.,-670
1376,2025-01-29,Syracuse,400,Stanford,-550,Stanford,-550
1377,2025-01-30,Vermont,-188,Binghamton,152,Binghamton,152
1378,2025-01-30,Stony Brook,1060,Col. of Charleston,-2300,Col. of Charleston,-2300
1379,2025-01-30,New Hampshire,610,Maine,-1000,New Hampshire,610
1380,2025-01-30,Towson,-152,Delaware,124,Delaware,124
1381,2025-01-30,Ohio St.,116,Penn St.,-138,Ohio St.,116
1382,2025-01-30,Wright St.,104,Youngstown St.,-125,Youngstown St.,-125
1383,2025-01-30,Bryant,-225,UMBC,184,Bryant,-225
1384,2025-01-30,William & Mary,-110,Campbell,-110,Campbell,-110
1385,2025-01-30,Central Conn. St.,-192,LIU,154,LIU,154
1386,2025-01-30,Coastal Carolina,650,James Madison,-1100,Coastal Carolina,650
1387,2025-01-30,Northern Ky.,-265,Detroit Mercy,205,Northern Ky.,-265
1388,2025-01-30,Drexel,-168,Monmouth,136,Monmouth,136
1389,2025-01-30,Hofstra,128,Elon,-154,Elon,-154
1390,2025-01-30,Le Moyne,184,FDU,-225,Le Moyne,184
1391,2025-01-30,,350,Jacksonville St.,-480,,350
1392,2025-01-30,Ga. Southern,550,Troy,-820,Troy,-820
1393,2025-01-30,Georgia St.,640,Marshall,-1000,Georgia St.,640
1394,2025-01-30,Green Bay,650,Oakland,-1200,Oakland,-1200
1395,2025-01-30,Northeastern,-134,Hampton,110,Hampton,110
1396,2025-01-30,IU Indy,310,Robert Morris,-420,IU Indy,310
1397,2025-01-30,Saint Francis,-152,Mercyhurst,124,Mercyhurst,124
1398,2025-01-30,UMass Lowell,-430,NJIT,320,UMass Lowell,-430
1399,2025-01-30,UNCW,-590,N.C. A&T,410,N.C. A&T,410
1400,2025-01-30,Wagner,146,Stonehill,-180,Stonehill,-180
1401,2025-01-30,New Mexico St.,250,Middle Tenn.,-315,Middle Tenn.,-315
1402,2025-01-30,Tennessee Tech,225,Morehead St.,-290,Tennessee Tech,225
1403,2025-01-30,Tennessee St.,250,Little Rock,-325,Little Rock,-325
1404,2025-01-30,Bellarmine,330,Austin Peay,-450,Austin Peay,-450
1405,2025-01-30,Eastern Ky.,440,Lipscomb,-650,Eastern Ky.,440
1406,2025-01-30,Liberty,-154,Kennesaw St.,128,Liberty,-154
1407,2025-01-30,Louisiana,570,Texas St.,-900,Louisiana,570
1408,2025-01-30,South Dakota St.,116,North Dakota St.,-140,South Dakota St.,116
1409,2025-01-30,ULM,920,South Alabama,-2000,South Alabama,-2000
1410,2025-01-30,Southern Utah,350,UT Arlington,-470,Southern Utah,350
1411,2025-01-30,Utah Tech,198,Tarleton St.,-250,Utah Tech,198
1412,2025-01-30,UTEP,126,Western Ky.,-152,Western Ky.,-152
1413,2025-01-30,Eastern Ill.,132,Western Ill.,-162,Eastern Ill.,132
1414,2025-01-30,Illinois,-166,Nebraska,138,Illinois,-166
1415,2025-01-30,SIUE,-154,Lindenwood,126,Lindenwood,126
1416,2025-01-30,UT Martin,152,Southeastern Mo. St.,-188,Southeastern Mo. St.,-188
1417,2025-01-30,Cleveland St.,164,Purdue Fort Wayne,-205,Cleveland St.,164
1418,2025-01-30,Kansas City,-215,Denver,172,Denver,172
1419,2025-01-30,Eastern Wash.,205,Idaho St.,-260,Eastern Wash.,205
1420,2025-01-30,Idaho,138,Weber St.,-170,Idaho,138
1421,2025-01-30,Memphis,-285,Tulane,230,Memphis,-285
1422,2025-01-30,Portland St.,142,Montana,-176,Portland St.,142
1423,2025-01-30,Sacramento St.,470,Montana St.,-700,Sacramento St.,470
1424,2025-01-30,Cal Poly,140,CSU Bakersfield,-172,CSU Bakersfield,-172
1425,2025-01-30,Abilene Christian,260,California Baptist,-330,California Baptist,-330
1426,2025-01-30,CSUN,-110,UC Santa Barbara,-110,UC Santa Barbara,-110
1427,2025-01-30,UC Irvine,-2100,Long Beach St.,1000,UC Irvine,-2100
1428,2025-01-30,Portland,550,LMU (CA),-820,LMU (CA),-820
1429,2025-01-30,Washington St.,-720,Pacific,500,Pacific,500
1430,2025-01-30,Pepperdine,-142,San Diego,118,Pepperdine,-142
1431,2025-01-30,UC Davis,210,UC Riverside,-265,UC Davis,210
1432,2025-01-30,Oregon,155,UCLA,-188,Oregon,155
1433,2025-01-30,Seattle U,480,Grand Canyon,-690,Grand Canyon,-690
1434,2025-01-30,UC San Diego,-400,Hawaii,310,UC San Diego,-400
1435,2025-01-31,Yale,-152,Princeton,126,Yale,-152
1436,2025-01-31,Butler,132,Georgetown,-160,Butler,132
1437,2025-01-31,Akron,105,Kent St.,-126,Kent St.,-126
1438,2025-01-31,Brown,102,Penn,-122,Brown,102
1439,2025-01-31,Niagara,-205,Canisius,164,Niagara,-205
1440,2025-01-31,Harvard,162,Columbia,-196,Columbia,-196
1441,2025-01-31,Dartmouth,410,Cornell,-590,Dartmouth,410
1442,2025-01-31,Dayton,-118,Saint Louis,-102,Dayton,-118
1443,2025-01-31,Fairfield,550,Quinnipiac,-820,Quinnipiac,-820
1444,2025-01-31,Iona,-110,Manhattan,-110,Manhattan,-110
1445,2025-01-31,Mount St. Mary's,320,Merrimack,-430,Mount St. Mary's,320
1446,2025-01-31,Saint Peter's,-110,Rider,-110,Rider,-110
1447,2025-01-31,Indiana,570,Purdue,-850,Indiana,570
1448,2025-01-31,Siena,195,Marist,-240,Marist,-240
1449,2025-01-31,North Carolina,660,Duke,-1050,North Carolina,660
1450,2025-01-31,Arkansas,460,Kentucky,-650,Kentucky,-650
